actor,year,doc_index,total_risk_mentions,risk_naturhot,risk_biologiska_hot,risk_olyckor,risk_antagonistiska_hot,risk_cyber_hot,risk_sociala_risker,risk_teknisk_infrastruktur,risk_brand,risk_milj√∂_klimat,risk_ekonomi,sannolikhet_total,sannolikhet_very_low,sannolikhet_low,sannolikhet_medium,sannolikhet_high,sannolikhet_very_high,sannolikhet_change,sannolikhet_uncertainty,sannolikhet_acceptability,sannolikhet_UNKNOWN,konsekvens_total,konsekvens_very_low,konsekvens_low,konsekvens_medium,konsekvens_high,konsekvens_very_high,konsekvens_change,konsekvens_uncertainty,konsekvens_acceptability,konsekvens_UNKNOWN,risk_total,risk_very_low,risk_low,risk_medium,risk_high,risk_very_high,risk_change,risk_uncertainty,risk_acceptability,risk_UNKNOWN
kommun,2015,0,58,12,12,3,2,0,2,16,8,3,0,3,0,0,0,0,0,0,1,0,2,6,0,0,0,0,0,0,1,0,5,12,0,0,0,1,0,0,0,0,11
kommun,2015,1,108,23,33,9,9,0,7,12,13,2,0,3,0,2,0,0,0,0,0,0,1,17,0,1,2,9,1,0,0,0,4,29,0,0,0,2,0,3,0,0,24
kommun,2015,2,487,164,54,68,67,7,5,37,53,27,5,50,2,7,3,9,5,4,2,0,18,79,1,2,1,27,4,1,3,0,40,73,4,1,2,4,4,14,1,0,43
kommun,2015,3,443,142,43,58,55,1,13,63,52,16,0,45,2,8,7,10,2,3,1,0,12,75,2,4,0,42,4,2,2,0,19,82,0,1,0,5,0,14,3,0,59
kommun,2016,4,86,31,4,9,9,0,8,11,12,2,0,1,0,1,0,0,0,0,0,0,0,9,0,0,0,5,0,0,0,0,4,62,0,0,0,5,2,0,0,0,55
kommun,2015,5,32,13,2,5,2,0,1,1,8,0,0,2,1,0,0,1,0,0,0,0,0,4,0,0,0,0,0,0,0,0,4,7,0,0,0,1,0,0,1,0,5
kommun,2019,6,6,1,0,0,1,0,2,2,0,0,0,0,0,0,0,0,0,0,0,0,0,0,0,0,0,0,0,0,0,0,0,3,0,1,0,0,0,0,0,0,2
kommun,2015,7,180,58,24,23,29,1,12,16,16,1,0,7,1,0,1,1,0,0,1,0,3,29,0,1,1,17,2,0,1,0,7,29,0,1,0,3,0,5,0,0,20
kommun,2019,8,34,2,6,0,2,0,6,16,1,1,0,8,0,0,1,0,0,0,0,0,7,5,0,1,0,1,1,0,0,0,2,11,0,0,0,4,1,1,0,0,5
kommun,2023,9,57,6,19,5,14,2,0,6,4,1,0,8,0,0,0,0,0,0,0,0,8,13,0,0,0,1,0,0,0,0,12,23,0,0,0,1,0,2,0,0,20
kommun,2019,10,44,14,9,3,1,1,0,8,1,7,0,0,0,0,0,0,0,0,0,0,0,1,0,0,0,0,0,0,0,0,1,9,0,0,0,1,0,1,0,0,7
kommun,2023,11,14,3,3,1,0,0,0,3,0,4,0,5,0,0,0,0,0,0,0,0,5,6,0,0,0,0,0,0,0,0,6,27,0,0,0,0,0,1,1,0,25
kommun,2019,12,79,20,6,0,4,0,1,28,18,2,0,8,0,2,0,2,0,1,0,0,3,30,0,0,0,5,0,1,0,0,24,16,0,1,0,1,0,1,0,0,13
kommun,2019,13,105,24,25,3,20,1,4,16,11,1,0,4,0,0,0,1,2,0,0,0,1,9,0,0,1,1,0,0,1,0,6,22,0,0,0,1,6,0,0,0,15
kommun,2023,14,54,16,5,5,4,2,1,16,4,1,0,4,0,0,0,0,0,0,0,0,4,3,0,0,0,1,0,0,0,0,2,11,0,0,0,0,0,4,0,0,7
kommun,2019,15,156,45,42,13,9,1,7,19,15,5,0,58,12,5,12,3,0,2,1,0,23,65,2,10,1,29,4,0,0,0,19,21,1,0,0,3,0,5,1,0,11
kommun,2023,16,295,114,45,9,35,8,14,26,36,7,1,16,0,2,2,1,1,1,1,0,8,48,1,1,1,13,2,0,0,0,30,96,0,4,13,20,2,17,1,0,39
kommun,2023,17,137,57,13,3,17,2,13,18,12,2,0,17,1,1,0,1,0,3,0,0,11,67,0,1,0,13,3,1,0,0,49,54,1,0,0,3,0,3,2,0,45
kommun,2023,18,604,227,76,32,83,15,7,98,57,9,0,13,0,3,1,3,0,1,1,0,4,97,0,1,1,27,3,4,3,0,58,103,2,3,1,9,1,23,1,0,63
kommun,2015,19,15,1,9,0,0,0,4,1,0,0,0,13,0,1,4,0,5,0,0,0,3,17,0,0,1,4,5,1,0,0,6,16,0,1,0,1,0,1,0,0,13
kommun,2023,20,271,138,13,18,26,1,0,42,15,18,0,1,0,0,0,0,0,1,0,0,0,29,0,0,0,12,1,2,1,0,13,38,0,2,0,4,0,12,3,0,17
kommun,2023,21,421,155,72,40,25,11,6,60,43,7,2,61,3,4,2,8,2,5,1,0,36,37,1,0,2,17,1,2,1,0,13,87,0,3,6,15,3,12,1,0,47
kommun,2015,22,80,15,21,6,2,0,3,29,3,1,0,34,13,0,1,0,9,2,0,0,9,15,1,0,0,6,3,0,0,0,5,26,0,0,0,1,0,2,0,0,23
kommun,2023,23,187,88,16,1,9,0,0,58,11,3,1,1,0,0,0,0,0,0,0,0,1,37,0,0,3,12,0,1,0,0,21,46,0,0,0,5,0,12,3,0,26
kommun,2019,24,0,0,0,0,0,0,0,0,0,0,0,0,0,0,0,0,0,0,0,0,0,0,0,0,0,0,0,0,0,0,0,0,0,0,0,0,0,0,0,0,0
kommun,2023,25,72,30,12,0,8,0,2,9,5,6,0,25,2,3,5,4,1,1,0,0,9,23,0,2,1,4,0,0,0,0,16,29,0,0,0,1,0,4,1,0,23
kommun,2019,26,71,22,7,5,12,2,0,10,9,4,0,4,0,0,0,0,0,0,0,0,4,9,0,0,0,2,3,0,0,0,4,15,0,0,0,2,0,0,0,0,13
kommun,2015,27,198,79,27,15,26,1,5,23,7,15,0,3,0,0,0,2,0,0,0,0,1,24,0,1,0,9,4,0,0,0,10,24,0,0,0,1,0,8,0,0,15
kommun,2015,28,24,6,5,3,1,0,0,4,5,0,0,3,0,0,0,0,0,0,0,0,3,12,0,0,0,4,0,1,0,0,7,45,0,0,0,2,0,2,0,0,41
kommun,2013,29,36,11,10,2,0,0,0,8,3,2,0,7,1,1,0,0,1,0,1,0,3,6,0,0,1,0,0,0,0,0,5,17,0,0,0,2,0,1,0,1,13
kommun,2015,30,20,7,5,1,0,1,0,1,1,4,0,0,0,0,0,0,0,0,0,0,0,1,0,0,0,0,0,0,0,0,1,4,0,0,0,1,0,0,0,0,3
kommun,2015,31,47,12,5,10,4,0,1,8,6,1,0,8,1,1,0,1,1,0,0,0,4,6,1,0,0,0,1,0,0,0,4,14,0,0,0,0,0,0,0,0,14
kommun,2015,32,31,11,0,9,0,0,2,9,0,0,0,9,0,1,1,1,1,0,1,0,4,13,1,0,0,1,2,0,0,0,9,31,1,0,0,1,0,1,0,0,28
kommun,2023,33,61,9,11,4,15,0,1,18,3,0,0,4,1,0,1,1,0,0,0,0,1,2,1,0,0,0,0,0,0,0,1,20,0,0,0,0,0,1,1,0,18
kommun,2019,34,240,64,46,12,22,2,4,36,50,4,0,60,0,4,8,6,2,8,2,0,30,68,2,0,0,22,6,4,2,0,32,76,0,0,0,4,0,15,0,0,57
kommun,2023,35,84,20,5,0,8,1,3,28,16,3,0,8,0,2,0,2,0,1,0,0,3,29,0,0,0,5,0,1,0,0,23,18,0,1,0,2,0,1,0,0,14
kommun,2019,36,59,19,16,6,2,1,2,9,3,1,0,26,2,6,7,3,2,1,1,0,4,13,0,0,0,0,0,0,1,0,12,41,0,0,0,1,0,3,5,1,31
kommun,2019,37,575,217,77,48,105,1,14,44,59,10,0,49,2,10,13,15,2,1,0,0,6,112,0,3,1,56,7,5,3,0,37,75,0,0,0,13,0,10,0,0,52
kommun,2023,38,54,25,7,8,1,0,0,8,2,3,0,1,0,0,0,0,0,0,0,0,1,5,0,0,0,1,0,0,0,0,4,20,0,2,0,3,0,1,0,0,14
kommun,2015,39,349,105,58,41,33,1,23,39,28,8,13,20,1,2,5,2,3,0,1,0,6,46,0,1,1,24,2,1,2,0,15,75,0,2,2,5,0,12,1,0,53
kommun,2015,40,176,74,23,14,7,2,1,32,11,12,0,20,0,1,4,0,1,0,0,0,14,41,0,0,0,5,0,0,0,0,36,54,0,0,1,1,0,6,1,0,45
kommun,2023,41,111,54,8,12,11,0,0,24,0,2,0,5,0,1,0,0,0,1,0,0,3,13,0,0,0,4,0,1,0,0,8,23,0,0,0,3,0,3,0,0,17
kommun,2019,42,82,34,3,13,0,0,1,16,12,3,0,3,0,0,0,0,0,1,0,0,2,10,0,0,0,3,0,0,1,0,6,71,0,0,1,2,0,6,3,0,59
kommun,2023,43,82,22,11,6,6,0,5,28,4,0,0,0,0,0,0,0,0,0,0,0,0,4,0,0,0,3,0,0,1,0,0,17,0,0,0,1,0,2,0,0,14
kommun,2023,44,13,0,8,1,1,0,0,3,0,0,0,58,2,2,8,3,21,0,0,0,22,36,2,9,0,10,4,0,0,0,11,5,0,0,0,0,0,0,0,0,5
kommun,2015,45,63,20,9,4,3,2,0,22,2,1,0,6,0,1,0,2,1,0,0,0,2,9,0,0,1,4,1,0,0,0,3,34,0,1,0,3,0,0,0,0,30
kommun,2023,46,176,92,15,2,20,3,1,24,18,1,0,1,0,0,0,0,0,0,0,0,1,17,0,0,0,7,1,0,0,0,9,20,0,1,0,2,0,4,0,0,13
kommun,2023,47,41,9,6,4,2,1,2,16,1,0,0,7,0,0,1,0,1,0,0,0,5,10,0,0,0,1,0,0,0,0,9,14,0,0,0,1,0,0,0,0,13
kommun,2023,48,50,18,10,0,8,2,3,6,2,1,0,5,0,0,0,0,0,1,0,0,4,14,0,0,0,5,1,1,0,0,7,25,0,0,0,2,0,2,2,0,19
kommun,2023,49,205,66,36,16,12,7,3,30,22,13,0,8,0,1,0,2,1,1,0,0,3,13,0,0,0,6,0,0,0,0,7,67,0,0,0,5,0,9,3,0,50
kommun,2019,50,73,26,9,3,13,3,0,8,7,4,0,4,0,0,0,0,0,0,0,0,4,10,0,0,0,1,2,0,0,0,7,17,0,0,0,1,0,0,0,0,16
kommun,2023,51,255,110,28,34,30,0,12,20,17,4,0,13,0,1,2,3,2,1,0,0,4,45,0,1,1,19,3,0,1,0,20,47,0,0,1,2,0,9,0,0,35
kommun,2023,52,20,2,3,0,2,1,0,11,1,0,0,10,0,1,0,1,0,0,1,0,7,8,0,0,0,1,1,0,1,0,5,28,0,0,0,0,0,3,0,0,25
kommun,2023,53,21,5,7,0,3,0,0,4,2,0,0,9,0,0,0,0,0,1,0,0,8,16,0,1,0,1,0,0,0,0,14,15,0,0,0,2,0,2,0,0,11
kommun,2015,54,0,0,0,0,0,0,0,0,0,0,0,4,0,1,0,0,1,0,0,0,2,2,1,0,0,1,0,0,0,0,0,23,0,1,1,2,1,0,1,0,17
kommun,2019,55,183,64,21,20,10,5,4,43,10,4,2,45,1,1,2,4,4,0,1,0,32,21,1,0,1,12,3,1,0,0,3,53,0,3,4,11,3,3,3,0,26
kommun,2016,56,158,28,41,21,6,2,1,37,16,6,0,7,0,0,1,0,0,1,0,0,5,30,0,0,1,11,1,0,1,0,16,83,0,3,1,6,0,4,2,0,67
kommun,2019,57,159,42,23,3,49,4,10,9,15,4,0,1,0,0,0,1,0,0,0,0,0,39,0,0,1,13,0,0,0,0,25,69,0,0,1,6,0,11,1,0,50
kommun,2012,58,14,1,5,1,0,0,0,4,2,1,0,3,0,0,1,1,0,1,0,0,0,1,0,0,0,0,0,0,0,0,1,11,0,0,0,1,0,1,0,0,9
kommun,2019,59,198,84,30,6,16,1,5,30,23,3,0,13,1,2,0,1,0,2,0,0,7,74,0,0,0,26,4,1,1,0,42,101,1,5,1,6,2,13,1,0,72
kommun,2019,60,232,74,43,3,34,0,13,20,38,7,0,15,0,1,0,1,1,1,1,0,10,40,0,1,0,7,1,0,0,0,31,83,0,6,14,15,3,9,0,0,36
kommun,2023,61,860,200,187,108,71,14,44,146,65,24,1,170,27,8,5,17,15,11,43,2,42,313,27,21,13,81,31,1,15,2,122,97,0,1,1,9,0,11,0,0,75
kommun,2023,62,456,116,51,45,103,1,12,40,61,22,5,26,2,3,1,6,2,0,1,0,11,42,0,1,0,15,1,2,3,0,20,82,0,0,0,11,1,23,1,0,46
kommun,2019,63,417,202,77,23,37,1,14,26,34,3,0,32,1,3,12,6,2,0,0,0,8,72,0,4,0,43,0,0,1,0,24,81,0,0,0,11,0,10,0,0,60
kommun,2020,64,27,12,4,1,4,0,1,1,1,3,0,7,3,0,0,1,0,0,0,0,3,15,0,0,0,4,0,0,0,0,11,45,1,0,0,27,2,1,0,0,14
kommun,2023,65,27,9,4,2,2,0,3,4,1,2,0,0,0,0,0,0,0,0,0,0,0,2,0,0,1,0,0,1,0,0,0,19,0,0,0,2,0,0,0,0,17
kommun,2019,66,28,16,4,0,4,0,1,2,1,0,0,0,0,0,0,0,0,0,0,0,0,13,0,0,0,5,0,0,0,0,8,10,0,0,0,1,0,0,0,0,9
kommun,2019,67,47,11,7,7,5,0,2,6,9,0,0,2,0,0,0,0,0,0,0,0,2,2,0,0,0,0,0,0,0,0,2,23,0,0,1,0,0,0,0,0,22
kommun,2023,68,47,5,13,1,7,3,2,15,1,0,0,4,0,0,0,0,0,0,0,0,4,33,2,0,2,10,2,1,0,0,16,36,0,0,0,0,0,3,3,0,30
kommun,2015,69,89,16,8,7,7,1,9,29,10,2,0,1,0,0,0,0,0,0,0,0,1,9,0,0,0,2,2,0,0,0,5,15,0,2,0,3,0,1,0,0,9
kommun,2023,70,80,10,8,2,32,2,3,22,0,0,1,1,0,0,0,0,0,0,0,0,1,12,0,0,0,5,0,0,0,0,7,42,0,0,0,2,0,3,1,0,36
kommun,2023,71,147,42,30,5,18,2,4,20,22,4,0,6,0,0,0,3,1,0,0,0,2,12,0,0,1,2,2,0,0,0,7,28,0,0,1,4,1,1,0,0,21
kommun,2019,72,112,43,12,2,18,1,8,13,12,3,0,11,1,1,0,1,0,1,0,0,7,54,0,1,0,9,3,0,0,0,41,38,1,0,0,3,0,2,1,0,31
kommun,2023,73,12,2,2,2,1,0,0,2,3,0,0,1,0,0,0,0,0,0,0,0,1,1,0,0,0,0,0,0,0,0,1,7,0,0,0,0,0,0,0,0,7
kommun,2015,74,334,105,57,14,46,9,5,42,39,17,0,2,0,1,0,0,0,0,0,0,1,24,1,0,0,10,1,1,1,0,10,101,0,1,0,5,1,13,1,0,80
kommun,2019,75,85,19,19,3,9,0,5,18,11,1,0,0,0,0,0,0,0,0,0,0,0,5,0,0,0,2,1,0,0,0,2,15,0,0,0,2,0,1,0,0,12
kommun,2023,76,15,9,2,0,0,0,2,2,0,0,0,3,0,0,0,0,1,0,0,0,2,8,0,0,0,3,0,0,2,0,3,11,0,0,0,3,0,0,0,0,8
kommun,2023,77,281,30,58,12,68,1,20,48,22,20,2,50,20,0,6,1,15,0,0,0,8,32,0,0,1,15,2,0,0,0,14,48,0,0,0,8,0,4,0,1,35
kommun,2015,78,117,35,21,5,14,0,1,10,15,12,4,5,0,0,0,0,0,0,0,0,5,18,0,0,0,3,0,0,0,0,15,74,0,0,0,8,0,6,0,0,60
kommun,2015,79,153,45,25,26,21,2,1,24,3,6,0,23,1,0,0,5,1,1,0,0,15,22,2,1,0,2,4,0,0,0,13,34,0,1,0,2,1,6,0,0,24
kommun,2023,80,369,121,68,37,53,2,14,30,37,7,0,41,3,3,20,9,3,0,0,0,3,85,0,7,1,28,17,4,2,0,26,98,0,1,20,21,1,23,0,0,32
kommun,2023,81,133,34,26,12,19,4,2,12,17,6,1,13,1,1,0,1,0,3,0,0,7,18,2,0,1,2,2,1,0,0,10,22,0,0,0,0,0,5,1,0,16
kommun,2019,82,92,30,11,1,4,0,1,35,5,5,0,22,2,3,4,3,2,1,0,0,7,23,0,2,1,6,0,0,0,0,14,32,0,0,0,1,0,4,0,0,27
kommun,2023,83,115,46,13,5,12,3,0,13,14,9,0,2,0,0,0,0,0,0,0,0,2,10,0,0,0,3,2,0,0,0,5,30,0,1,0,1,0,7,0,0,21
kommun,2015,84,36,23,2,1,5,0,3,2,0,0,0,0,0,0,0,0,0,0,0,0,0,7,0,0,0,2,1,0,2,0,2,24,0,0,0,1,0,2,0,3,18
kommun,2016,85,142,6,5,0,35,0,14,53,29,0,0,28,1,3,4,2,2,0,1,0,15,16,2,1,0,4,2,0,0,0,7,31,0,0,0,4,0,2,1,0,24
kommun,2015,86,65,24,11,2,3,0,0,14,11,0,0,8,0,1,2,1,0,1,0,0,3,7,0,3,0,0,0,0,0,0,4,18,0,0,0,1,0,1,0,0,16
kommun,2023,87,22,8,3,0,5,1,1,2,1,1,0,2,0,0,0,0,0,0,0,0,2,9,0,0,0,1,0,0,0,0,8,40,1,0,0,25,0,1,0,0,13
kommun,2015,88,36,12,10,2,1,0,0,6,3,2,0,7,1,1,0,0,1,0,1,0,3,6,0,0,1,0,0,0,0,0,5,15,0,0,0,2,0,3,0,1,9
kommun,2019,89,101,16,5,18,5,0,1,31,20,5,0,9,0,3,0,2,0,1,0,0,3,34,0,0,0,6,0,1,0,0,27,26,0,1,1,1,0,2,0,1,20
kommun,2019,90,10,0,2,2,0,0,0,3,3,0,0,2,0,0,0,0,0,1,0,0,1,5,0,0,0,0,0,0,0,0,5,5,0,0,0,0,0,0,0,0,5
kommun,2023,91,68,10,14,4,26,0,0,14,0,0,0,20,2,0,2,0,4,0,4,0,8,18,0,2,0,2,2,0,4,0,8,22,0,0,0,5,0,2,0,0,15
kommun,2023,92,90,23,20,3,1,2,6,31,4,0,0,16,1,0,0,0,0,3,0,0,12,47,0,3,0,24,3,2,0,0,15,29,0,2,0,0,0,0,0,0,27
kommun,2023,93,65,28,5,8,5,1,1,6,11,0,0,0,0,0,0,0,0,0,0,0,0,3,0,0,0,1,1,0,0,0,1,37,0,0,0,0,0,2,0,0,35
kommun,2023,94,604,243,72,39,105,2,23,51,59,10,0,49,1,4,13,16,9,2,0,0,4,112,0,3,2,57,7,5,3,0,35,75,0,0,0,12,0,12,1,0,50
kommun,2019,95,17,2,1,0,5,0,1,4,3,1,0,0,0,0,0,0,0,0,0,0,0,1,0,0,0,0,0,0,0,0,1,12,0,0,0,0,0,0,0,0,12
kommun,2019,96,112,19,10,1,38,0,0,40,3,1,0,11,1,1,0,2,0,1,0,0,6,23,0,0,0,4,0,0,3,0,16,90,0,0,0,4,0,11,5,0,70
kommun,2019,97,56,24,5,4,5,0,1,9,3,5,0,2,0,0,0,0,0,1,0,0,1,4,0,0,0,1,0,1,0,0,2,9,0,0,0,1,0,1,0,0,7
kommun,2019,98,23,2,9,1,5,0,2,3,1,0,0,3,1,0,0,0,0,0,0,0,2,8,1,1,0,2,2,0,0,0,2,7,0,0,0,0,0,0,0,0,7
kommun,2023,99,71,17,12,3,6,1,7,14,4,7,0,6,0,0,0,0,0,2,0,0,4,11,0,0,1,1,0,0,0,0,9,35,0,0,0,5,0,5,0,0,25
kommun,2023,100,205,119,12,7,7,0,10,28,16,6,0,3,0,0,0,0,0,2,0,0,1,11,0,0,0,2,0,0,0,0,9,53,0,0,1,3,0,16,0,0,33
kommun,2019,101,30,14,3,2,2,0,0,7,1,1,0,6,1,0,0,3,0,0,0,0,2,6,0,0,0,0,0,0,0,0,6,15,0,1,0,1,0,2,0,0,11
kommun,2015,102,230,84,25,19,18,0,8,43,27,6,0,42,10,5,2,12,1,0,1,0,11,48,2,4,1,17,8,0,0,0,16,55,1,0,0,6,2,8,1,0,37
kommun,2023,103,105,41,22,8,16,1,6,3,6,2,0,10,1,0,2,0,1,0,0,0,6,12,0,0,0,1,0,0,1,0,10,38,0,0,0,2,0,1,0,0,35
kommun,2019,104,387,94,39,44,90,1,8,42,54,14,1,24,1,1,2,5,3,1,1,0,10,35,0,0,0,18,1,1,0,0,15,75,0,0,0,9,0,19,1,0,46
kommun,2023,105,18,5,3,0,1,0,0,6,2,1,0,1,0,0,0,0,0,0,0,0,1,2,0,0,0,0,0,0,0,0,2,47,0,0,0,0,0,0,0,0,47
kommun,2019,106,127,32,26,9,20,0,2,14,15,8,1,16,2,1,0,2,0,3,0,0,8,21,2,0,1,3,2,1,0,0,12,23,0,0,0,0,0,5,1,0,17
kommun,2019,107,167,65,11,13,10,5,3,29,19,12,0,7,0,0,0,2,1,1,0,0,3,10,0,0,0,5,0,0,0,0,5,47,0,1,0,1,0,7,2,0,36
kommun,2023,108,96,17,14,0,12,14,0,33,6,0,0,28,3,4,5,3,2,0,1,0,10,23,0,2,0,0,3,0,0,0,18,35,0,0,1,2,0,2,0,0,30
kommun,2015,109,50,8,12,1,0,0,6,10,8,5,0,5,0,1,0,1,1,0,0,0,2,3,1,0,0,1,0,0,0,0,1,23,1,0,1,2,2,1,0,0,16
kommun,2024,110,247,75,47,30,11,2,11,35,25,11,0,15,0,2,0,0,0,1,0,0,12,33,0,3,0,10,1,1,1,0,17,41,0,0,0,0,0,4,2,0,35
kommun,2023,111,296,109,44,5,51,1,6,50,22,8,0,29,2,5,2,4,0,1,1,0,14,33,2,1,1,10,7,2,0,0,10,29,0,1,0,1,0,2,0,0,25
kommun,2019,112,127,33,26,11,21,0,2,10,16,7,1,16,2,1,0,2,0,3,0,0,8,18,2,0,1,2,2,1,0,0,10,24,0,1,0,0,0,4,1,0,18
kommun,2015,113,77,34,7,9,1,0,0,10,9,7,0,5,0,0,0,0,0,0,0,0,5,12,0,1,0,3,0,0,0,0,8,28,0,0,0,2,0,6,0,0,20
kommun,2023,114,322,121,45,24,26,9,24,34,25,13,1,20,0,0,0,5,1,4,2,0,8,37,0,0,3,5,0,1,1,0,27,62,0,1,1,7,0,10,0,0,43
kommun,2015,115,23,4,5,0,2,0,0,10,0,2,0,6,0,1,0,0,0,0,0,0,5,5,0,0,0,0,0,0,0,0,5,3,0,0,0,0,0,0,0,0,3
kommun,2019,116,77,7,4,13,5,0,1,31,14,2,0,13,0,0,0,1,1,0,0,0,11,23,1,1,0,2,2,0,0,0,17,22,0,0,1,0,0,1,0,0,20
kommun,2017,117,340,124,65,7,44,11,7,32,35,15,0,1,0,0,0,1,0,0,0,0,0,28,0,0,0,7,1,1,0,0,19,55,0,0,0,5,1,12,0,0,37
kommun,2023,118,24,0,8,4,0,1,0,11,0,0,0,0,0,0,0,0,0,0,0,0,0,0,0,0,0,0,0,0,0,0,0,7,0,0,0,0,0,0,0,0,7
kommun,2011,119,122,18,7,24,2,0,0,27,36,8,0,2,0,1,0,0,0,0,0,0,1,9,0,1,1,4,1,0,0,0,2,47,0,2,0,7,0,4,1,0,33
kommun,2019,120,148,27,18,5,30,1,11,26,11,17,2,22,0,5,5,2,2,0,0,0,8,21,0,0,0,6,0,0,0,0,15,28,0,1,0,2,0,1,0,0,24
kommun,2019,121,36,8,11,0,3,0,1,12,1,0,0,0,0,0,0,0,0,0,0,0,0,6,0,0,0,4,0,0,0,0,2,11,0,0,0,2,0,1,0,0,8
kommun,2023,122,162,56,18,17,23,4,4,22,12,6,0,8,0,1,2,1,1,1,0,0,2,20,0,0,0,6,1,1,0,0,12,30,0,1,1,2,0,5,0,0,21
kommun,2023,123,185,45,46,2,36,7,0,34,12,3,0,28,0,0,0,2,0,1,1,0,24,36,0,0,0,11,1,2,1,0,21,29,0,1,0,4,0,1,1,0,22
kommun,2023,124,177,82,22,17,3,2,1,41,6,3,0,3,0,0,0,0,0,2,0,0,1,26,0,0,0,9,1,0,2,0,14,30,2,0,0,0,0,6,0,0,22
kommun,2019,125,71,28,10,8,8,1,4,9,3,0,0,1,0,0,0,0,0,0,0,0,1,4,0,0,0,1,0,0,0,0,3,16,0,1,0,0,0,0,0,0,15
kommun,2023,126,49,19,3,6,13,3,0,0,1,4,0,0,0,0,0,0,0,0,0,0,0,1,0,0,0,0,0,0,0,0,1,16,0,0,0,0,0,2,1,0,13
kommun,2019,127,124,62,12,9,7,0,1,10,20,3,0,9,0,1,0,1,0,1,0,0,6,22,0,1,0,7,1,0,0,0,13,29,0,0,0,5,0,2,1,0,21
kommun,2015,128,55,17,14,0,4,0,0,7,13,0,0,6,1,0,0,1,1,1,0,0,2,7,1,0,0,2,0,1,0,0,3,27,0,0,1,4,1,2,1,0,18
kommun,2015,129,35,12,9,4,0,0,2,4,4,0,0,11,0,0,4,2,1,0,0,0,4,10,0,1,0,1,2,0,0,0,6,30,1,0,3,3,1,0,0,0,22
kommun,2023,130,81,46,7,2,4,0,1,9,10,2,0,19,1,1,4,4,1,2,2,0,4,17,1,0,0,3,2,0,1,0,10,31,0,0,0,1,0,3,0,0,27
kommun,2019,131,96,15,34,9,3,0,3,31,1,0,0,23,2,2,2,3,6,0,2,0,6,24,0,0,4,2,4,0,1,0,13,44,0,2,0,5,0,2,0,0,35
kommun,2024,132,143,48,30,0,16,8,1,18,16,5,1,3,0,0,0,0,0,0,0,0,3,19,0,0,0,5,0,0,0,0,14,47,0,1,0,6,0,6,2,0,32
kommun,2019,133,101,36,10,5,3,1,0,34,12,0,0,9,1,0,2,2,1,1,0,0,2,11,0,0,0,3,1,0,0,0,7,23,0,0,1,5,0,3,0,0,14
kommun,2019,134,209,54,25,30,14,2,6,31,33,14,0,1,0,0,0,0,0,0,0,0,1,34,1,0,0,8,0,0,0,0,25,54,0,0,0,5,1,3,0,0,45
kommun,2015,135,17,0,4,1,0,0,0,9,0,3,0,2,0,0,0,0,0,0,0,0,2,8,0,0,0,6,1,0,0,0,1,4,0,0,0,0,0,0,0,0,4
kommun,2023,136,115,28,22,12,8,6,9,16,9,5,0,6,0,0,0,3,0,2,0,0,1,23,0,0,0,14,0,1,0,0,8,23,0,0,0,3,0,2,0,0,18
kommun,2023,137,200,93,25,10,25,1,1,18,15,12,0,5,0,0,1,2,0,1,0,0,1,35,0,0,1,18,2,2,1,0,11,56,0,0,1,5,0,13,0,0,37
kommun,2019,138,30,3,10,1,1,0,0,11,4,0,0,14,1,0,0,0,1,0,3,0,9,8,0,0,0,0,1,0,2,0,5,21,0,0,0,1,0,2,1,0,17
kommun,2019,139,40,11,8,0,3,1,0,16,1,0,0,1,0,0,0,0,0,0,0,0,1,9,0,0,0,1,0,0,0,1,7,7,0,0,0,0,0,0,0,0,7
kommun,2019,140,46,9,13,4,5,2,1,9,2,1,0,2,0,0,0,0,0,1,0,0,1,4,0,0,0,0,0,0,0,0,4,29,0,0,0,2,0,1,0,0,26
kommun,2015,141,15,0,12,0,0,0,0,0,0,0,3,2,0,0,0,0,0,0,0,0,2,3,0,0,0,2,0,0,0,0,1,21,1,0,0,2,0,2,2,0,14
kommun,2023,142,137,24,24,3,12,37,2,28,4,3,0,10,1,1,1,1,1,1,0,0,4,15,1,0,0,5,0,0,1,0,8,39,0,0,0,1,0,3,1,0,34
kommun,2023,143,114,58,9,7,8,0,0,15,16,1,0,17,2,2,0,2,0,0,1,0,10,11,0,1,0,6,0,0,0,0,4,21,0,1,0,3,0,2,1,0,14
kommun,2019,144,52,15,5,1,2,0,6,9,9,5,0,1,0,0,0,1,0,0,0,0,0,5,0,0,0,0,1,0,0,0,4,30,0,0,0,2,0,0,0,0,28
kommun,2015,145,66,36,5,5,5,1,0,8,5,1,0,3,0,0,0,0,0,1,0,0,2,13,0,0,0,6,0,0,0,0,7,17,0,0,0,1,0,3,0,0,13
kommun,2015,146,5,0,0,1,0,0,0,4,0,0,0,0,0,0,0,0,0,0,0,0,0,0,0,0,0,0,0,0,0,0,0,5,0,0,0,0,0,0,0,0,5
kommun,2023,147,153,55,20,2,26,4,7,17,16,6,0,4,0,1,0,1,0,0,0,0,2,15,0,0,0,4,0,0,0,0,11,62,0,0,0,5,0,7,0,0,50
kommun,2019,148,22,8,5,0,0,0,3,3,2,1,0,2,0,0,0,0,0,0,0,0,2,1,0,0,0,1,0,0,0,0,0,8,0,0,0,0,0,0,0,0,8
kommun,2023,149,78,15,11,7,2,1,0,31,10,1,0,7,0,0,2,2,1,0,0,0,2,8,0,0,0,3,1,0,0,0,4,18,0,0,1,3,0,3,0,0,11
kommun,2019,150,39,12,6,3,5,0,0,4,6,3,0,1,0,0,0,0,0,0,0,0,1,11,0,0,0,4,2,0,0,0,5,24,0,0,0,1,0,1,1,0,21
kommun,2019,151,37,9,0,3,9,1,0,13,2,0,0,7,0,1,0,0,0,0,0,0,6,8,0,0,0,3,1,0,0,0,4,6,0,0,0,0,0,1,0,0,5
kommun,2015,152,50,10,2,4,10,2,2,12,5,3,0,0,0,0,0,0,0,0,0,0,0,4,0,0,0,1,0,0,0,0,3,21,0,0,0,1,0,4,0,0,16
kommun,2024,153,259,91,57,19,10,3,10,36,19,14,0,56,2,1,3,4,3,2,2,0,39,61,1,1,1,11,0,2,1,0,44,59,0,2,8,5,1,6,0,0,37
kommun,2015,154,50,17,4,1,1,0,0,19,4,4,0,4,0,1,1,0,0,0,0,0,2,9,0,0,0,2,0,0,0,0,7,22,0,1,0,0,0,0,1,0,20
kommun,2015,155,48,13,8,0,17,0,0,4,4,2,0,3,0,0,0,1,0,1,0,0,1,6,0,0,0,0,0,0,0,0,6,26,0,0,0,7,0,1,0,0,18
kommun,2015,156,24,3,10,0,2,0,4,5,0,0,0,0,0,0,0,0,0,0,0,0,0,4,0,0,0,3,0,0,1,0,0,6,0,0,0,0,0,1,0,0,5
kommun,2023,157,126,40,12,13,23,0,8,7,20,3,0,11,1,0,1,0,1,0,0,0,8,17,2,0,0,3,0,2,0,0,10,38,0,2,0,1,0,6,1,0,28
kommun,2015,158,81,33,6,13,10,0,0,9,10,0,0,27,2,1,2,5,6,1,1,0,9,13,1,0,1,2,0,0,1,0,8,11,0,0,0,0,0,2,1,0,8
kommun,2023,159,124,62,11,10,7,0,1,10,20,3,0,9,0,1,0,1,0,1,0,0,6,22,0,1,0,7,1,0,0,0,13,28,0,0,0,5,0,2,1,0,20
kommun,2019,160,43,19,3,5,3,0,0,8,5,0,0,4,0,0,0,0,0,1,0,0,3,9,0,0,0,2,0,0,0,0,7,24,0,1,0,2,0,0,0,0,21
kommun,2015,161,141,11,48,6,15,1,7,24,26,1,2,11,0,1,0,2,2,1,0,0,5,25,0,2,1,12,0,0,0,0,10,45,0,7,0,4,0,8,1,0,25
kommun,2023,162,128,66,21,4,14,1,1,11,6,2,2,7,0,2,0,0,0,2,0,0,3,15,0,1,0,5,0,1,0,0,8,49,0,2,0,4,0,4,0,1,38
kommun,2015,163,16,10,2,0,0,0,0,4,0,0,0,1,0,0,0,0,0,0,0,0,1,5,0,0,0,2,0,0,0,0,3,14,0,0,0,3,0,1,0,0,10
kommun,2019,164,39,6,3,0,0,0,0,29,0,0,1,8,0,1,0,0,0,0,0,0,7,15,0,1,1,0,2,0,0,0,11,10,0,0,0,1,0,1,0,0,8
kommun,2024,165,326,82,82,19,51,0,3,39,25,18,7,46,1,9,15,7,2,4,2,0,6,38,2,2,1,11,3,2,2,0,15,28,0,1,1,1,0,4,2,0,19
kommun,2023,166,26,17,3,1,0,0,1,0,4,0,0,2,0,0,1,1,0,0,0,0,0,11,0,1,0,4,1,0,0,0,5,13,0,0,0,0,0,0,1,0,12
kommun,2019,167,55,18,8,5,11,0,0,8,2,3,0,6,0,0,0,0,2,0,0,0,4,12,0,1,0,2,1,0,0,0,8,19,0,0,1,1,0,2,1,0,14
kommun,2023,168,307,117,37,42,18,4,6,22,57,3,1,83,0,2,0,4,3,17,0,0,57,90,2,0,0,11,2,3,0,0,72,74,0,3,0,4,2,13,2,0,50
kommun,2023,169,56,11,9,3,16,1,2,7,7,0,0,22,2,2,6,2,4,0,0,0,6,18,1,0,0,8,0,0,0,0,9,16,1,0,0,0,1,2,0,0,12
kommun,2023,170,210,71,31,25,19,2,12,23,20,7,0,4,1,0,1,1,0,0,0,0,1,36,1,1,1,16,4,0,0,0,13,48,1,0,0,6,0,9,0,0,32
kommun,2015,171,461,149,45,62,59,1,14,55,58,18,0,44,2,8,8,11,2,3,1,0,9,76,2,4,0,41,5,2,2,0,20,86,0,2,0,6,0,14,3,0,61
kommun,2023,172,245,65,55,11,34,3,0,59,13,5,0,3,0,0,0,1,0,0,1,0,1,31,0,0,0,20,0,0,1,0,10,19,0,1,0,1,0,3,0,0,14
kommun,2023,173,70,22,15,5,7,3,4,10,4,0,0,1,0,0,0,0,0,0,0,0,1,4,0,0,0,1,0,0,0,0,3,16,0,0,0,0,0,0,0,0,16
kommun,2023,174,222,92,35,15,19,7,10,25,19,0,0,3,0,1,0,2,0,0,0,0,0,16,0,0,0,8,0,0,0,0,8,41,0,3,0,2,0,10,1,0,25
kommun,2019,175,7,3,1,0,0,0,0,3,0,0,0,8,1,0,2,0,2,0,0,0,3,6,2,0,0,1,1,0,0,0,2,13,1,0,0,1,0,3,0,0,8
kommun,2019,176,74,9,12,4,14,7,2,23,3,0,0,19,0,3,1,1,2,0,3,0,9,12,0,1,0,2,1,0,0,0,8,10,0,0,0,2,0,0,0,0,8
kommun,2023,177,284,45,66,15,50,8,7,47,34,12,0,2,0,0,0,1,0,0,0,0,1,51,1,2,0,10,0,0,0,0,38,69,0,0,0,7,1,10,0,0,51
kommun,2015,178,13,6,1,2,1,1,0,1,1,0,0,1,0,0,0,0,0,0,0,0,1,2,0,0,0,1,0,0,0,0,1,9,0,0,0,0,0,0,0,0,9
kommun,2019,179,111,58,8,0,18,0,1,9,14,3,0,7,0,0,0,0,0,0,0,0,7,16,0,0,0,1,0,0,0,0,15,31,0,1,0,4,0,3,2,0,21
kommun,2023,180,122,26,25,0,14,0,6,31,20,0,0,11,0,2,0,2,0,0,0,0,7,22,0,1,2,9,0,2,0,0,8,26,0,0,0,3,0,2,1,0,20
kommun,2023,181,21,2,5,1,1,2,0,6,4,0,0,0,0,0,0,0,0,0,0,0,0,13,0,0,0,7,0,0,0,0,6,13,0,0,0,0,0,1,0,0,12
kommun,2015,182,54,17,16,4,1,0,2,8,3,3,0,14,1,4,0,1,0,1,1,0,6,12,0,4,1,0,0,0,1,0,6,24,0,0,0,1,0,3,1,0,19
kommun,2019,183,79,15,17,13,14,1,1,6,12,0,0,1,0,0,0,0,0,0,0,0,1,9,0,1,0,2,0,0,0,0,6,45,0,1,0,5,0,5,0,0,34
kommun,2015,184,351,125,39,40,36,1,16,50,37,7,0,16,2,2,4,1,3,0,1,0,3,51,0,1,1,30,3,0,2,0,14,64,0,1,2,8,0,8,1,0,44
kommun,2019,185,127,25,13,3,20,0,7,35,21,3,0,2,1,0,0,0,0,0,0,0,1,13,0,0,0,3,1,0,0,0,9,20,0,0,0,0,0,1,0,0,19
kommun,2019,186,84,30,13,6,7,0,5,13,6,4,0,19,1,1,2,3,0,0,0,0,12,43,0,0,0,5,2,0,1,0,35,95,1,0,0,3,0,0,2,0,89
kommun,2023,187,40,11,8,0,5,3,3,4,1,5,0,5,1,1,0,0,1,0,0,0,2,4,0,0,0,2,0,0,0,0,2,14,0,0,0,1,0,2,0,0,11
kommun,2009,188,0,0,0,0,0,0,0,0,0,0,0,0,0,0,0,0,0,0,0,0,0,0,0,0,0,0,0,0,0,0,0,0,0,0,0,0,0,0,0,0,0
kommun,2015,189,91,33,9,4,18,5,4,3,12,3,0,18,1,1,1,2,1,10,0,0,2,8,0,1,0,3,0,1,0,0,3,25,0,0,0,1,0,4,0,0,20
kommun,2015,190,160,57,21,7,22,0,5,29,13,3,3,14,0,1,3,7,1,0,0,0,2,17,0,3,0,7,2,0,0,0,5,54,0,1,0,5,1,7,3,0,37
kommun,2019,191,27,9,4,1,2,0,0,8,3,0,0,3,0,0,0,1,0,0,0,0,2,4,1,0,0,0,0,0,0,0,3,17,0,1,0,0,1,1,0,0,14
kommun,2019,192,275,73,52,30,25,3,1,58,9,24,0,29,2,0,2,9,1,1,1,0,13,28,0,4,0,4,1,0,0,0,19,59,0,2,0,3,0,9,2,0,43
kommun,2023,193,65,8,21,2,5,7,0,20,0,2,0,0,0,0,0,0,0,0,0,0,0,27,1,0,0,15,1,0,0,0,10,10,0,0,0,0,0,1,0,0,9
kommun,2011,194,148,16,11,15,21,1,0,22,56,6,0,29,0,1,3,1,1,4,0,0,19,42,0,4,2,6,4,2,0,3,21,36,0,0,0,0,0,2,0,0,34
kommun,2023,195,195,58,42,11,23,1,7,21,20,12,0,71,36,6,3,1,21,1,0,0,3,62,1,0,1,27,15,2,0,0,16,77,1,0,1,5,19,12,0,0,39
kommun,2023,196,35,13,5,0,0,0,1,12,4,0,0,0,0,0,0,0,0,0,0,0,0,8,0,0,0,3,1,0,0,0,4,4,0,0,0,1,0,0,0,0,3
kommun,2019,197,125,32,26,9,21,0,2,11,15,8,1,16,2,1,0,2,0,3,0,0,8,20,2,0,1,3,2,1,0,0,11,23,0,0,0,0,0,5,1,0,17
kommun,2019,198,123,24,13,3,20,0,6,36,18,3,0,2,1,0,0,0,0,0,0,0,1,12,0,0,0,3,1,0,0,0,8,21,0,0,0,1,0,1,0,0,19
kommun,2023,199,60,11,16,1,2,0,2,20,5,3,0,2,0,0,0,0,0,0,2,0,0,13,1,0,0,9,0,1,0,0,2,39,0,0,0,2,0,4,1,0,32
kommun,2015,200,36,7,15,3,1,0,2,6,2,0,0,9,1,2,0,1,0,0,0,0,5,12,0,4,1,0,1,1,1,0,4,31,0,0,0,0,0,1,0,0,30
kommun,2015,201,32,11,10,0,0,0,0,6,3,2,0,0,0,0,0,0,0,0,0,0,0,2,0,0,0,0,0,0,0,0,2,15,0,0,0,1,0,2,0,0,12
kommun,2023,202,93,19,24,1,2,3,1,36,3,4,0,4,0,0,0,0,0,0,1,0,3,11,0,0,0,4,0,0,0,0,7,23,0,0,0,2,0,1,0,0,20
kommun,2023,203,115,46,13,5,12,3,0,13,14,9,0,2,0,0,0,0,0,0,0,0,2,10,0,0,0,3,2,0,0,0,5,30,0,1,0,1,0,7,0,0,21
kommun,2019,204,147,25,5,0,38,0,13,45,21,0,0,28,1,3,1,3,2,1,0,0,17,26,3,1,0,9,1,1,0,0,11,45,0,0,0,7,0,3,1,0,34
kommun,2023,205,38,18,7,0,7,0,1,4,1,0,0,0,0,0,0,0,0,0,0,0,0,10,0,0,0,3,0,0,0,0,7,12,0,0,0,0,0,0,0,0,12
kommun,2023,206,63,23,17,1,5,0,0,10,4,3,0,5,0,0,0,0,0,0,0,0,5,24,0,1,0,10,1,0,0,0,12,22,0,0,0,2,0,2,1,0,17
kommun,2023,207,50,9,8,3,7,1,0,14,5,3,0,1,0,1,0,0,0,0,0,0,0,8,0,0,0,4,0,1,0,0,3,32,0,1,0,2,0,4,1,0,24
kommun,2015,208,216,103,38,12,19,2,4,14,10,14,0,3,0,0,0,0,0,2,0,0,1,6,0,0,1,1,1,0,0,0,3,49,0,0,1,2,0,18,0,0,28
kommun,2023,209,29,6,0,0,7,1,0,14,1,0,0,11,0,2,0,1,0,0,0,0,8,8,0,0,0,2,1,0,0,0,5,4,0,0,0,0,0,0,0,0,4
kommun,2023,210,6,4,1,0,1,0,0,0,0,0,0,11,1,0,0,0,0,0,1,0,9,13,0,0,0,1,0,0,0,0,12,10,0,0,0,0,0,0,0,0,10
kommun,2023,211,24,7,1,3,6,1,0,4,2,0,0,2,0,0,0,0,0,0,0,0,2,3,0,0,0,1,0,0,1,0,1,5,0,0,0,0,0,0,0,0,5
kommun,2019,212,575,195,86,46,79,10,19,67,49,22,2,73,5,12,13,5,6,10,8,0,14,88,0,0,1,17,3,3,5,0,59,83,0,0,2,7,1,16,3,0,54
kommun,2019,213,71,22,7,5,12,2,0,10,9,4,0,4,0,0,0,0,0,0,0,0,4,9,0,0,0,2,3,0,0,0,4,15,0,0,0,2,0,0,0,0,13
kommun,2015,214,320,119,61,6,32,10,3,38,40,11,0,2,0,0,0,1,0,0,0,0,1,29,1,0,0,7,1,1,0,0,19,96,0,0,0,6,1,14,0,0,75
kommun,2019,215,96,52,14,3,6,0,2,10,3,6,0,6,0,2,0,0,0,1,0,0,3,16,0,0,0,4,0,0,0,0,12,38,0,0,0,0,0,5,0,0,33
kommun,2015,216,86,38,3,4,3,0,5,11,17,5,0,8,1,0,0,2,1,0,0,0,4,17,0,0,1,5,0,0,0,0,11,32,0,1,0,5,0,1,1,0,24
kommun,2023,217,74,12,11,6,18,1,2,12,12,0,0,20,1,2,4,5,2,0,0,0,6,16,0,0,0,5,0,1,0,0,10,16,0,0,0,0,0,3,1,0,12
kommun,2015,218,172,62,24,18,40,1,2,14,4,6,1,34,4,7,8,5,0,1,0,0,9,32,0,1,1,11,7,0,0,0,12,24,0,0,0,0,0,9,2,0,13
kommun,2020,219,52,10,2,11,8,0,1,5,15,0,0,0,0,0,0,0,0,0,0,0,0,5,0,0,0,0,0,0,0,0,5,23,0,0,0,4,0,0,0,0,19
kommun,2019,220,79,16,8,4,7,0,0,22,18,4,0,33,2,7,2,6,4,0,0,0,12,15,1,1,0,4,0,0,0,0,9,26,0,0,0,1,0,5,0,0,20
kommun,2023,221,361,95,61,59,26,11,1,50,32,25,1,38,1,1,2,4,0,1,2,0,27,44,0,1,0,7,1,0,0,0,35,30,0,0,1,4,0,6,0,0,19
kommun,2023,222,249,61,46,29,25,2,1,58,11,16,0,35,2,0,1,8,1,2,0,0,21,26,0,2,0,3,1,0,0,0,20,49,0,1,0,2,0,10,1,0,35
kommun,2023,223,48,14,15,3,0,0,0,11,3,2,0,3,0,0,0,0,0,1,0,0,2,8,0,0,0,3,0,0,0,0,5,31,0,0,0,1,0,5,0,0,25
kommun,2019,224,1,0,1,0,0,0,0,0,0,0,0,7,1,1,1,0,1,0,0,0,3,1,0,0,0,0,0,0,0,0,1,11,0,0,0,1,0,3,0,0,7
kommun,2023,225,160,51,15,2,23,8,14,31,14,2,0,15,1,1,0,1,0,2,0,0,10,59,0,3,0,11,3,0,0,0,42,38,1,0,0,3,0,2,1,0,31
kommun,2015,226,81,14,16,12,8,1,5,12,10,2,1,3,0,0,0,0,0,0,0,0,3,13,0,0,1,1,0,1,2,0,8,19,0,0,0,2,0,1,0,0,16
kommun,2023,227,128,51,12,2,17,1,13,15,14,3,0,16,1,1,0,1,0,2,0,0,11,64,0,1,0,11,3,0,1,0,48,46,1,1,0,3,0,2,1,0,38
kommun,2023,228,337,122,64,44,32,1,12,35,23,4,0,44,0,5,21,12,3,0,0,0,3,72,0,4,1,40,9,0,0,0,18,39,0,0,1,4,0,8,0,0,26
kommun,2019,229,112,27,27,11,2,2,6,25,9,3,0,0,0,0,0,0,0,0,0,0,0,24,0,1,0,9,0,1,0,0,13,11,0,0,0,1,0,0,0,0,10
kommun,2015,230,136,17,26,7,27,0,0,47,10,2,0,17,1,1,0,1,0,1,0,0,13,39,0,0,0,11,2,1,2,0,23,92,0,0,0,4,0,21,1,0,66
kommun,2015,231,107,23,5,20,5,0,1,33,15,5,0,9,0,4,0,2,0,1,0,0,2,43,0,0,0,5,0,1,1,0,36,31,0,1,1,2,0,1,0,1,25
kommun,2015,232,158,54,28,20,25,1,2,17,4,6,1,28,4,5,8,4,0,0,0,0,7,34,1,1,1,9,10,0,0,0,12,24,0,0,0,0,0,9,2,0,13
kommun,2023,233,24,10,4,0,1,1,0,7,1,0,0,5,1,0,0,0,0,1,0,0,3,13,0,0,0,1,0,0,1,0,11,26,0,0,0,0,0,2,1,0,23
kommun,2023,234,198,94,11,8,4,51,0,29,0,1,0,1,0,0,0,0,0,0,0,0,1,34,0,0,0,9,3,0,0,0,22,43,0,0,0,5,0,3,1,0,34
kommun,2015,235,128,42,22,16,10,2,8,9,15,3,1,21,1,3,2,1,3,1,1,1,8,22,0,1,1,0,1,0,2,1,16,33,0,0,0,2,0,6,0,1,24
kommun,2019,236,211,91,24,24,10,0,1,36,18,7,0,39,8,4,5,3,2,2,0,0,15,45,1,6,0,17,4,3,0,0,14,29,1,0,1,2,1,7,0,0,17
kommun,2023,237,89,20,11,12,15,0,0,13,18,0,0,14,2,1,1,3,0,0,0,0,7,14,1,0,1,1,0,0,0,0,11,13,0,0,0,2,0,1,0,0,10
kommun,2020,238,250,83,47,17,35,1,2,31,18,16,0,25,0,1,0,3,0,3,1,0,17,98,0,1,1,38,0,4,0,1,53,89,0,0,1,6,0,9,1,0,72
kommun,2023,239,50,24,7,7,1,0,0,8,2,1,0,7,0,0,0,2,0,0,0,0,5,10,0,0,0,3,0,0,0,0,7,24,0,1,0,5,0,1,0,0,17
kommun,2023,240,315,122,42,21,53,5,6,36,25,5,0,5,1,0,1,0,1,0,0,0,2,26,0,0,0,9,1,3,3,0,10,50,0,0,0,4,0,13,1,1,31
kommun,2023,241,166,38,9,2,11,0,4,68,24,10,0,15,0,3,1,3,0,2,0,0,6,42,0,0,0,8,3,1,0,0,30,36,0,1,0,4,0,4,0,0,27
kommun,2015,242,32,7,6,0,3,0,2,12,2,0,0,0,0,0,0,0,0,0,0,0,0,9,0,0,1,2,0,1,1,0,4,14,0,0,0,1,0,2,0,0,11
kommun,2023,243,77,35,3,1,5,8,0,14,5,6,0,2,0,0,0,2,0,0,0,0,0,10,0,1,0,1,0,0,0,0,8,33,0,2,0,2,0,6,0,0,23
kommun,2019,244,82,13,11,16,5,0,4,23,10,0,0,32,3,0,0,1,1,0,0,0,27,18,0,0,0,4,2,0,0,0,12,63,3,0,0,2,0,2,0,0,56
kommun,2015,245,5,0,2,0,0,0,0,3,0,0,0,1,0,0,0,0,0,0,0,0,1,5,0,0,0,1,0,0,0,0,4,8,0,0,0,0,0,0,0,0,8
kommun,2019,246,22,2,5,0,2,1,0,11,0,1,0,12,1,2,1,1,1,1,1,0,4,7,0,0,0,1,1,0,0,0,5,17,0,0,0,2,0,2,0,0,13
kommun,2015,247,251,86,36,17,45,1,9,39,9,9,0,8,0,2,0,2,0,1,0,0,3,18,0,0,0,6,3,0,0,0,9,31,0,0,0,2,0,8,0,0,21
kommun,2023,248,323,122,53,30,40,3,13,25,33,4,0,43,0,3,17,18,2,0,0,0,3,75,0,5,0,49,7,2,0,0,12,52,0,0,2,5,1,14,0,0,30
kommun,2015,249,21,4,3,3,2,0,2,1,6,0,0,7,0,0,0,2,0,0,0,0,5,15,1,1,0,3,2,0,0,0,8,16,0,0,0,0,0,1,0,0,15
kommun,2023,250,244,100,22,13,31,5,4,45,9,15,0,2,0,0,0,0,0,0,0,0,2,31,0,0,2,10,1,0,0,0,18,66,0,0,1,7,0,12,0,0,46
kommun,2015,251,74,13,8,15,14,0,0,2,22,0,0,7,0,0,0,1,0,2,0,0,4,10,0,0,0,3,1,0,1,0,5,22,0,0,0,0,0,1,2,0,19
kommun,2023,252,138,37,29,10,7,2,10,26,11,3,3,4,0,0,0,1,0,0,0,0,3,29,0,1,0,10,0,1,1,0,16,56,0,0,1,3,0,4,1,0,47
kommun,2015,253,98,19,23,30,14,0,1,4,5,2,0,3,0,0,0,0,0,0,0,0,3,12,0,0,0,2,0,0,0,0,10,68,0,0,0,7,0,0,0,0,61
kommun,2023,254,73,21,9,6,6,0,5,22,4,0,0,0,0,0,0,0,0,0,0,0,0,4,0,0,0,3,0,0,1,0,0,16,0,0,0,1,0,2,0,0,13
kommun,2019,255,343,136,44,42,34,1,12,33,37,4,0,18,1,2,3,3,3,1,0,0,5,53,0,2,2,28,5,1,0,0,15,58,0,0,2,6,0,7,1,0,42
kommun,2023,256,227,54,52,13,21,2,15,35,22,9,4,4,0,1,0,0,2,1,0,0,0,34,0,0,1,11,0,1,0,0,21,32,0,0,0,1,0,5,0,0,26
kommun,2024,257,354,145,44,42,36,1,13,36,32,5,0,19,0,3,2,3,3,2,0,0,6,60,0,2,2,30,5,1,1,0,19,67,0,0,2,6,0,10,1,0,48
kommun,2019,258,37,13,6,2,4,0,0,7,4,1,0,2,0,0,0,1,0,0,0,0,1,12,0,0,0,5,1,0,0,0,6,22,0,0,0,2,1,3,1,0,15
kommun,2019,259,178,55,27,27,22,2,1,36,2,6,0,20,0,0,0,4,2,1,0,0,13,22,0,1,1,2,3,0,0,0,15,33,0,0,0,3,0,6,0,0,24
kommun,2023,260,43,21,7,0,7,0,1,5,2,0,0,0,0,0,0,0,0,0,0,0,0,11,0,0,0,4,0,0,0,0,7,12,0,0,0,0,0,0,0,0,12
kommun,2019,261,67,34,4,4,9,1,5,7,2,1,0,0,0,0,0,0,0,0,0,0,0,8,0,0,0,3,1,0,2,0,2,24,0,0,0,2,0,1,0,0,21
kommun,2023,262,96,34,11,1,28,4,0,10,6,2,0,2,0,0,0,1,0,0,0,0,1,5,0,0,0,1,0,1,0,0,3,27,0,0,1,4,0,2,0,0,20
kommun,2015,263,52,5,13,4,7,0,5,14,4,0,0,1,0,0,0,0,0,0,0,0,1,3,0,0,0,1,0,0,0,0,2,20,0,0,0,1,0,2,0,0,17
kommun,2023,264,329,97,76,13,38,1,7,66,23,8,0,62,16,13,8,6,4,3,0,0,12,90,3,6,1,33,11,5,1,1,29,130,11,14,7,9,4,9,1,0,75
kommun,2023,265,84,19,5,3,4,5,0,43,3,2,0,6,0,0,0,0,1,0,0,1,4,14,0,0,0,8,0,0,0,0,6,18,0,0,0,0,0,2,3,0,13
kommun,2023,266,363,70,43,42,90,0,11,24,60,18,5,25,1,3,1,8,2,0,1,0,9,35,0,0,0,10,2,2,3,0,18,70,0,0,0,9,0,15,2,0,44
kommun,2015,267,50,12,17,5,1,0,2,8,3,2,0,14,1,4,0,1,0,0,0,0,8,13,0,4,1,0,0,1,1,0,6,30,0,1,0,2,0,1,1,0,25
kommun,2016,268,64,8,9,12,10,0,0,16,8,1,0,8,0,2,0,0,1,1,0,0,4,8,0,0,0,3,0,0,1,0,4,28,0,1,0,1,0,4,2,0,20
kommun,2023,269,22,7,3,3,4,0,1,1,2,1,0,0,0,0,0,0,0,0,0,0,0,0,0,0,0,0,0,0,0,0,0,13,0,0,0,0,0,0,0,0,13
kommun,2019,270,118,39,15,2,20,0,7,23,8,3,1,13,1,1,0,1,0,1,1,0,8,54,0,1,0,10,3,0,1,0,39,41,1,0,0,5,0,1,0,0,34
kommun,2015,271,223,29,63,11,14,0,1,10,76,15,4,10,0,0,0,1,0,1,0,0,8,93,0,4,2,13,7,3,1,2,61,66,0,0,1,7,0,4,1,0,53
kommun,2015,272,43,10,1,10,3,0,1,18,0,0,0,5,0,0,0,0,1,0,0,0,4,6,0,0,1,0,0,0,2,0,3,12,1,0,0,1,0,1,0,0,9
kommun,2019,273,91,39,3,21,0,0,3,10,11,4,0,3,0,0,0,0,0,0,0,0,3,16,0,0,0,6,0,1,0,0,9,24,0,2,0,1,0,1,1,0,19
kommun,2019,274,15,3,4,0,1,0,0,4,2,1,0,8,1,1,1,1,1,0,0,0,3,4,1,0,0,0,0,0,0,0,3,14,0,0,0,0,0,0,0,0,14
kommun,2019,275,23,7,6,1,0,0,1,5,0,3,0,0,0,0,0,0,0,0,0,0,0,3,0,0,1,0,0,0,0,0,2,12,0,0,0,0,0,1,0,0,11
kommun,2023,276,72,27,14,4,6,3,3,4,10,1,0,2,0,2,0,0,0,0,0,0,0,4,0,0,0,2,0,0,0,0,2,11,0,0,0,1,0,0,0,0,10
kommun,2023,277,316,134,45,34,36,1,14,28,20,4,0,19,1,3,1,3,1,2,0,0,8,44,0,1,2,19,4,1,0,0,17,67,0,0,2,3,1,9,0,0,52
kommun,2019,278,148,36,17,1,64,0,1,6,16,7,0,38,0,9,0,2,2,0,2,0,23,62,0,0,0,20,19,0,2,0,21,85,0,2,0,12,4,0,6,0,61
kommun,2019,279,512,293,53,25,21,1,11,58,28,22,0,6,1,0,1,0,0,3,0,0,1,78,1,1,2,17,4,7,1,0,45,145,0,3,0,10,0,60,4,0,68
kommun,2023,280,4,2,0,0,0,0,0,1,1,0,0,1,0,0,0,0,0,0,0,0,1,2,0,0,0,0,0,0,0,0,2,5,0,0,0,0,0,0,1,0,4
kommun,2019,281,88,19,10,12,17,0,0,12,18,0,0,14,2,1,1,3,0,0,0,0,7,13,2,0,1,1,0,0,0,0,9,17,0,0,0,1,0,1,0,0,15
kommun,2020,282,343,136,44,42,34,1,12,33,37,4,0,18,1,2,3,3,3,1,0,0,5,53,0,2,2,28,5,1,0,0,15,58,0,0,2,6,0,7,1,0,42
kommun,2015,283,154,35,22,30,17,0,2,19,6,19,4,48,2,0,2,1,4,4,0,0,35,46,1,0,1,1,1,1,0,0,41,86,1,0,1,3,1,9,0,0,71
kommun,2023,284,56,20,14,2,6,1,2,8,2,1,0,2,1,0,1,0,0,0,0,0,0,4,0,0,0,3,1,0,0,0,0,4,0,1,0,1,0,2,0,0,0
kommun,2023,285,175,42,43,7,39,1,9,18,9,5,2,10,1,1,0,2,0,0,0,0,6,21,1,0,1,0,1,2,1,0,15,27,0,0,0,0,0,5,1,0,21
kommun,2019,286,28,11,0,3,6,1,0,5,2,0,0,10,1,1,0,1,2,0,0,0,5,6,0,0,1,1,0,0,0,0,4,4,0,0,0,1,0,1,0,0,2
kommun,2023,287,91,32,10,9,3,0,1,21,13,2,0,7,1,0,0,1,0,1,0,0,4,21,0,0,0,12,0,3,0,0,6,41,0,0,0,6,0,2,2,1,30
kommun,2019,288,0,0,0,0,0,0,0,0,0,0,0,2,0,0,0,0,0,0,0,0,2,4,0,0,0,1,0,0,0,0,3,22,0,0,0,2,0,0,0,0,20
kommun,2023,289,434,170,55,50,52,1,22,43,36,5,0,60,1,6,12,18,4,2,3,0,14,91,0,14,1,46,5,1,2,0,22,67,0,0,2,4,0,11,0,0,50
kommun,2019,290,79,27,6,0,15,0,2,19,4,4,2,7,0,0,0,1,0,0,1,0,5,12,0,0,0,3,0,0,1,0,8,29,0,0,0,1,0,2,1,0,25
kommun,2023,291,17,1,5,2,5,0,0,3,0,1,0,2,0,0,0,0,0,0,0,0,2,7,0,0,0,2,0,0,0,0,5,18,0,0,0,1,0,1,1,0,15
kommun,2023,292,271,88,67,40,11,5,6,30,19,4,1,32,2,3,8,7,1,1,0,0,10,45,2,2,0,24,7,1,1,0,8,51,0,0,0,3,0,3,1,0,44
kommun,2023,293,240,98,33,30,11,4,3,41,19,0,1,45,1,0,1,4,2,1,1,0,35,34,1,9,1,10,6,1,0,0,6,35,0,1,0,0,1,6,3,0,24
kommun,2023,294,42,11,8,2,7,3,2,6,3,0,0,5,0,1,0,0,0,0,0,0,4,16,0,0,1,4,0,0,0,0,11,25,0,0,0,0,0,2,0,0,23
kommun,2023,295,31,12,5,0,1,0,0,6,5,2,0,11,0,0,0,0,1,0,0,0,10,9,0,0,0,0,0,0,0,0,9,16,0,0,0,0,0,4,1,0,11
kommun,2015,296,104,22,18,6,35,0,7,8,3,5,0,4,0,0,0,1,0,0,0,0,3,32,0,0,0,4,4,0,1,0,23,113,0,0,0,5,1,11,0,0,96
kommun,2019,297,402,125,44,53,47,1,15,47,53,17,0,40,2,7,9,10,3,1,1,0,7,71,0,4,0,39,5,1,2,0,20,78,0,2,0,7,0,12,2,0,55
kommun,2015,298,147,23,21,8,25,0,8,20,25,13,4,19,0,7,0,0,0,1,0,0,11,10,0,2,0,2,0,0,0,0,6,55,0,1,0,1,0,4,1,0,48
kommun,2015,299,111,44,8,12,5,1,2,18,13,8,0,4,1,0,0,2,0,1,0,0,0,10,1,0,0,5,2,0,0,0,2,26,0,0,0,3,0,4,1,0,18
kommun,2019,300,23,7,4,0,3,0,0,6,3,0,0,1,0,0,0,0,0,0,0,0,1,3,0,0,0,1,0,1,0,0,1,4,0,0,0,0,0,0,0,0,4
kommun,2023,301,11,1,1,0,1,1,1,6,0,0,0,0,0,0,0,0,0,0,0,0,0,0,0,0,0,0,0,0,0,0,0,6,0,0,0,2,0,0,0,0,4
kommun,2019,302,70,12,6,4,0,0,4,40,4,0,0,3,0,0,0,0,0,0,1,0,2,5,0,0,0,3,0,0,0,0,2,18,0,0,0,2,0,0,0,0,16
kommun,2019,303,299,123,44,31,33,1,12,26,24,5,0,15,0,2,2,3,1,1,0,0,6,42,0,1,2,19,4,1,0,0,15,57,0,0,2,3,0,8,0,0,44
kommun,2015,304,177,53,16,12,47,0,4,17,26,2,0,20,1,1,8,1,0,1,0,0,8,24,0,1,0,16,0,0,1,0,6,34,0,0,0,0,1,3,0,0,30
kommun,2019,305,58,16,6,10,6,2,1,5,10,2,0,3,0,3,0,0,0,0,0,0,0,12,0,6,0,3,0,0,0,0,3,11,0,0,0,0,0,0,0,0,11
kommun,2014,306,174,6,9,7,112,3,5,13,18,1,0,3,0,0,0,0,0,1,0,0,2,16,0,0,0,2,0,0,1,0,13,16,0,0,0,2,0,1,2,0,11
kommun,2015,307,207,54,24,29,14,2,6,31,33,14,0,1,0,0,0,0,0,0,0,0,1,37,1,2,0,9,1,1,0,0,23,54,0,0,0,6,1,3,0,0,44
kommun,2023,308,15,3,4,0,1,0,0,4,2,1,0,8,1,1,1,1,1,0,0,0,3,4,1,0,0,0,0,0,0,0,3,14,0,0,0,0,0,0,0,0,14
kommun,2023,309,153,83,14,1,19,3,1,15,16,1,0,1,0,0,0,0,0,0,0,0,1,10,0,0,0,5,1,0,0,0,4,13,0,1,0,1,0,2,0,0,9
kommun,2023,310,132,42,13,25,6,1,6,21,12,6,0,6,1,1,0,1,0,0,0,0,3,19,1,1,0,6,0,1,1,0,9,24,0,0,0,0,0,1,1,0,22
kommun,2019,311,48,18,6,1,5,0,2,8,7,1,0,1,0,0,0,0,0,0,0,0,1,11,0,0,1,0,0,1,0,0,9,22,0,0,0,0,0,3,0,0,19
kommun,2023,312,121,41,15,2,16,2,13,19,10,3,0,17,1,1,0,1,0,2,1,0,11,61,0,1,0,12,3,0,1,0,44,35,1,0,0,3,0,1,1,0,29
kommun,2023,313,356,146,45,42,36,1,13,36,32,5,0,19,0,3,2,3,3,2,0,0,6,60,0,2,2,30,5,1,1,0,19,67,0,0,2,6,0,10,1,0,48
kommun,2016,314,55,14,9,3,14,0,2,6,3,3,1,2,0,0,0,0,0,0,1,0,1,9,0,0,0,4,0,0,0,0,5,8,0,0,0,0,0,1,0,0,7
kommun,2019,315,6,0,4,0,0,0,0,2,0,0,0,14,0,0,4,0,5,0,0,0,5,9,0,0,0,1,3,1,0,0,4,6,0,1,0,1,0,0,0,0,4
kommun,2023,316,62,20,14,2,8,0,0,10,6,2,0,4,0,1,0,1,0,0,0,0,2,17,0,0,0,11,0,0,0,0,6,28,0,0,0,3,0,5,3,0,17
kommun,2011,317,73,14,11,9,0,0,0,24,8,7,0,11,0,1,0,8,0,0,0,0,2,13,0,0,0,4,1,1,0,0,7,16,0,1,0,0,0,1,0,0,14
kommun,2015,318,134,37,36,14,8,0,7,16,12,4,0,52,11,5,6,4,0,1,0,0,25,55,4,5,1,27,3,0,0,0,15,19,0,2,0,2,0,4,0,0,11
kommun,2019,319,90,32,28,8,0,3,0,7,12,0,0,18,0,4,4,2,0,0,1,0,7,23,1,0,2,10,0,0,0,0,10,30,0,2,4,3,1,1,0,0,19
kommun,2023,320,183,64,35,1,9,10,4,45,3,11,1,30,0,1,1,3,4,3,3,0,15,43,0,0,0,15,4,3,1,0,20,31,0,1,0,3,0,10,1,0,16
kommun,2023,321,111,48,16,6,3,2,1,16,10,9,0,4,0,0,0,0,0,0,0,0,4,15,1,0,0,3,1,1,0,0,9,35,0,0,0,3,0,5,1,0,26
kommun,2019,322,73,28,9,1,6,0,1,25,2,1,0,0,0,0,0,0,0,0,0,0,0,15,0,0,0,6,0,0,0,0,9,10,0,0,0,0,0,0,0,0,10
kommun,2015,323,2,1,1,0,0,0,0,0,0,0,0,4,0,0,0,1,1,0,0,0,2,8,1,0,1,0,0,0,0,0,6,9,0,0,0,0,0,1,0,0,8
kommun,2019,324,114,27,11,8,19,0,1,28,18,2,0,12,1,0,0,4,0,1,1,0,5,23,0,0,0,12,0,2,0,0,9,58,0,0,3,8,0,3,1,1,42
kommun,2023,325,35,15,7,0,7,0,1,3,2,0,0,0,0,0,0,0,0,0,0,0,0,10,0,0,0,3,0,0,0,0,7,11,0,0,0,0,0,0,0,0,11
kommun,2019,326,357,136,48,42,42,1,15,37,32,4,0,57,2,6,16,13,4,2,2,1,11,82,0,14,1,41,6,1,0,0,19,48,0,0,1,4,0,10,0,0,33
kommun,2023,327,0,0,0,0,0,0,0,0,0,0,0,1,0,0,0,0,0,0,0,0,1,1,0,0,0,0,0,0,0,0,1,5,0,0,0,0,0,0,0,0,5
kommun,2019,328,181,67,19,14,9,0,0,49,18,5,0,41,9,5,5,3,3,2,0,0,14,45,1,3,0,19,8,3,0,0,11,29,1,0,0,2,1,4,1,0,20
kommun,2019,329,44,14,5,3,6,1,1,8,5,1,0,4,0,0,0,0,1,0,0,0,3,13,0,0,0,6,0,0,0,0,7,30,0,0,0,1,0,2,0,0,27
kommun,2023,330,129,25,8,4,31,0,6,37,16,2,0,2,0,0,0,0,0,0,0,0,2,11,0,0,0,5,1,1,0,0,4,24,0,0,0,1,0,2,0,0,21
kommun,2019,331,509,134,84,25,130,8,1,67,43,17,0,88,21,1,5,9,0,6,5,0,41,121,0,1,0,29,8,3,8,0,72,87,0,0,0,3,0,14,1,0,69
kommun,2023,332,425,146,45,29,59,14,10,70,42,10,0,15,0,1,0,2,1,5,1,0,5,69,0,1,0,14,2,1,2,0,49,75,0,2,0,7,0,19,6,0,41
kommun,2023,333,38,19,6,0,7,0,1,4,1,0,0,0,0,0,0,0,0,0,0,0,0,11,0,0,0,4,0,0,0,0,7,11,0,0,0,0,0,0,0,0,11
kommun,2019,334,347,65,86,34,50,20,12,34,41,5,0,38,5,3,5,6,0,0,2,0,17,43,5,1,0,6,15,0,0,0,16,59,0,0,0,7,0,13,2,1,36
kommun,2019,335,53,17,9,1,9,0,3,7,7,0,0,15,0,3,3,1,0,1,0,0,7,14,0,4,0,0,1,0,1,0,8,23,0,0,0,3,0,1,1,0,18
kommun,2023,336,33,11,0,4,6,1,1,9,1,0,0,8,0,0,0,0,0,0,0,0,8,7,0,0,0,2,0,0,0,0,5,5,0,0,0,0,0,1,0,0,4
kommun,2023,337,44,13,7,4,3,1,2,9,2,3,0,21,2,6,3,5,0,0,2,0,3,5,0,0,0,0,0,0,1,0,4,26,0,0,0,0,0,1,1,0,24
kommun,2023,338,13,3,3,0,0,0,0,3,0,4,0,5,0,0,0,0,0,0,0,0,5,6,0,0,0,0,0,0,0,0,6,26,0,0,0,0,0,1,1,0,24
kommun,2015,339,17,2,1,0,5,0,1,4,3,1,0,0,0,0,0,0,0,0,0,0,0,1,0,0,0,0,0,0,0,0,1,13,0,0,0,0,0,0,0,0,13
kommun,2023,340,80,19,17,7,6,1,6,8,13,2,1,7,0,2,2,0,0,3,0,0,0,14,0,0,0,4,0,0,0,0,10,16,0,0,0,0,0,3,1,0,12
kommun,2015,341,210,66,58,19,31,0,8,16,6,6,0,4,0,0,0,2,0,0,0,0,2,14,0,0,2,5,1,1,0,0,5,28,0,0,0,5,0,3,0,0,20
kommun,2020,342,246,84,52,19,10,3,10,34,22,12,0,56,2,1,3,4,3,2,3,0,38,61,1,1,1,11,0,2,1,0,44,49,0,1,0,4,1,5,1,0,37
kommun,2019,343,144,37,10,25,25,0,2,21,18,6,0,5,0,0,0,1,0,0,0,0,4,15,0,0,0,7,1,0,0,0,7,34,1,0,0,2,0,2,3,0,26
kommun,2023,344,61,29,4,12,7,0,1,5,2,0,1,1,0,0,0,0,0,1,0,0,0,10,0,0,0,4,0,0,0,0,6,32,0,0,0,4,0,1,1,0,26
kommun,2023,345,31,6,7,2,5,0,1,4,4,2,0,5,0,0,1,0,0,0,0,0,4,11,0,0,0,0,0,0,0,0,11,22,0,0,0,1,0,1,0,0,20
kommun,2015,346,11,2,2,2,1,0,0,2,1,1,0,3,0,2,0,0,0,0,0,0,1,4,0,0,0,0,1,0,0,0,3,12,0,0,0,1,0,0,0,0,11
kommun,2016,347,63,20,3,5,3,0,0,26,6,0,0,4,0,0,0,0,0,1,0,0,3,11,0,0,0,2,0,0,0,0,9,23,0,1,0,3,0,1,0,0,18
kommun,2023,348,205,94,34,14,7,2,4,18,19,13,0,33,1,0,0,2,1,1,2,0,26,69,1,1,2,15,0,0,0,0,50,67,0,1,1,10,1,4,0,0,50
kommun,2019,349,73,10,24,4,4,1,3,22,4,1,0,4,0,0,0,1,0,0,0,0,3,24,1,2,2,5,2,1,0,0,11,27,0,3,1,2,0,1,0,0,20
kommun,2015,350,222,73,34,20,29,1,4,26,23,12,0,16,0,9,0,1,1,2,1,0,2,15,0,0,0,5,0,0,1,0,9,75,0,1,0,5,1,7,0,0,61
kommun,2015,351,262,64,51,30,19,0,5,36,37,20,0,11,0,2,0,1,0,1,0,0,7,44,0,3,0,18,1,1,1,0,20,42,0,1,0,1,0,4,4,0,32
kommun,2023,352,72,21,8,6,6,0,4,23,4,0,0,0,0,0,0,0,0,0,0,0,0,5,0,0,0,4,0,0,1,0,0,15,0,0,0,1,0,2,0,0,12
kommun,2015,353,102,19,3,21,6,1,7,16,16,13,0,5,1,0,1,0,1,0,0,0,2,5,0,0,0,2,0,0,0,0,3,40,0,1,0,2,0,2,0,0,35
kommun,2019,354,366,89,75,32,86,3,6,50,22,2,1,38,0,4,3,25,0,0,1,0,5,72,2,2,0,15,15,1,1,0,36,130,0,0,0,4,0,7,1,0,118
kommun,2023,355,90,21,17,2,11,2,4,22,6,5,0,8,0,0,1,1,0,0,0,0,6,11,0,0,0,4,0,0,0,0,7,35,0,0,0,3,0,1,3,0,28
kommun,2024,356,100,32,16,3,21,1,0,16,11,0,0,17,1,1,1,3,2,0,0,0,9,25,1,0,0,11,4,0,0,0,9,27,1,0,0,3,1,2,0,0,20
kommun,2015,357,66,6,11,4,7,0,0,23,10,5,0,25,2,4,1,5,1,0,0,0,12,12,1,1,0,3,0,0,0,0,7,26,0,0,0,1,0,4,0,0,21
kommun,2023,358,45,13,7,4,3,1,2,8,2,5,0,25,2,9,3,5,0,0,1,0,5,7,0,0,0,0,0,0,0,0,7,24,0,0,0,0,0,1,2,0,21
kommun,2019,359,32,6,6,2,2,0,1,12,3,0,0,5,0,0,1,0,0,1,0,0,3,11,0,0,1,0,0,0,0,0,10,19,1,0,0,1,0,1,0,0,16
kommun,2019,360,124,25,11,3,14,0,6,38,24,3,0,2,1,0,0,0,0,0,0,0,1,7,0,0,0,3,1,0,0,0,3,15,0,0,0,0,0,1,0,0,14
kommun,2019,361,157,64,19,11,15,2,1,18,13,14,0,5,0,0,0,0,1,1,0,0,3,14,1,0,0,2,1,1,0,0,9,46,0,1,1,4,0,11,1,0,28
kommun,2015,362,2,0,0,2,0,0,0,0,0,0,0,5,0,0,0,0,0,0,0,0,5,5,0,0,0,0,0,0,0,0,5,33,0,0,0,1,0,0,0,0,32
kommun,2023,363,11,7,3,0,0,0,0,0,1,0,0,10,1,1,1,1,1,0,1,0,4,7,0,0,0,2,0,0,1,0,4,10,0,0,0,0,0,2,0,0,8
kommun,2023,364,66,9,9,11,13,1,2,11,5,5,0,6,1,1,1,0,1,0,0,0,2,7,0,0,0,3,0,0,0,0,4,12,0,0,0,1,0,2,0,0,9
kommun,2015,365,34,25,3,0,0,0,0,4,1,1,0,8,0,0,0,0,0,5,1,0,2,2,0,0,0,0,0,0,0,0,2,8,0,0,0,0,0,2,0,0,6
kommun,2019,366,115,19,22,16,11,1,4,18,14,8,2,4,0,0,0,0,1,0,0,0,3,15,0,0,0,2,0,0,2,0,11,26,0,0,0,3,0,1,1,0,21
kommun,2019,367,182,65,13,18,11,5,2,29,26,13,0,8,0,2,0,1,0,2,0,0,3,13,0,0,0,7,0,0,0,0,6,49,0,0,0,2,0,7,2,0,38
kommun,2023,368,166,45,12,8,20,1,0,63,14,3,0,16,0,2,0,2,2,0,0,0,10,22,0,1,0,5,1,0,0,0,15,67,0,1,0,9,0,9,0,0,48
kommun,2023,369,75,21,12,4,10,0,2,21,3,2,0,3,0,0,0,0,0,0,0,0,3,14,0,0,1,4,0,0,0,0,9,17,0,0,0,0,0,3,0,0,14
kommun,2023,370,397,139,42,51,39,0,2,42,58,23,1,53,1,6,3,9,4,4,2,0,24,77,0,3,0,27,4,2,3,0,38,55,0,2,1,9,0,10,1,0,32
kommun,2023,371,235,92,36,26,29,1,9,20,21,1,0,50,3,3,17,14,6,2,0,0,5,58,0,0,1,32,11,1,0,0,13,49,1,1,3,3,0,5,1,0,35
kommun,2015,372,11,5,2,0,0,0,0,4,0,0,0,1,1,0,0,0,0,0,0,0,0,1,0,0,0,1,0,0,0,0,0,6,0,0,0,0,0,1,0,0,5
kommun,2023,373,365,139,66,6,48,9,11,34,35,16,1,6,0,0,0,1,0,0,3,0,2,31,0,0,1,6,1,0,0,0,23,71,0,0,0,6,1,14,2,0,48
kommun,2023,374,92,10,24,5,16,0,5,16,12,3,1,32,1,6,2,5,3,1,2,1,11,41,0,0,2,19,4,0,2,1,13,34,0,2,0,1,0,1,2,0,28
kommun,2023,375,12,1,5,2,0,0,0,1,3,0,0,1,0,0,0,0,0,0,0,0,1,3,0,0,0,0,0,1,0,0,2,19,1,0,0,1,0,1,1,0,15
kommun,2019,376,24,5,4,2,4,0,1,2,4,2,0,0,0,0,0,0,0,0,0,0,0,4,0,0,0,0,0,0,0,0,4,12,0,0,0,1,0,1,0,0,10
kommun,2015,377,159,55,23,18,36,0,2,16,5,3,1,28,6,2,10,1,0,1,0,0,8,30,1,0,1,8,10,0,0,0,10,27,0,0,0,1,0,9,2,0,15
kommun,2016,378,12,0,7,1,0,0,0,4,0,0,0,3,0,1,1,0,0,0,0,0,1,6,0,2,0,1,2,0,0,0,1,10,0,0,0,0,0,0,0,0,10
kommun,2019,379,61,20,19,5,2,1,2,8,3,1,0,8,1,0,1,0,1,1,0,0,4,17,0,0,0,1,0,0,1,0,15,42,0,0,0,0,0,2,7,1,32
kommun,2023,380,185,58,23,6,43,13,2,26,8,6,0,21,0,0,0,2,1,1,3,0,14,38,0,2,0,7,2,0,3,0,24,43,0,0,0,2,0,1,5,0,35
kommun,2019,381,39,10,18,1,2,0,2,3,2,1,0,29,2,6,7,3,1,1,5,0,4,15,0,0,0,0,0,0,1,0,14,41,0,0,0,0,0,2,7,1,31
kommun,2019,382,23,7,3,1,0,0,0,11,1,0,0,2,0,0,0,0,0,1,0,0,1,6,0,0,0,2,0,0,1,0,3,7,0,0,0,0,0,0,0,0,7
kommun,2023,383,551,156,93,23,121,12,1,80,43,20,2,97,18,4,5,12,0,7,5,0,46,128,0,1,0,30,6,4,8,0,79,92,0,1,0,5,0,12,1,0,73
kommun,2015,384,305,101,34,15,61,2,20,49,12,10,1,4,0,0,0,1,0,0,0,0,3,40,0,0,1,10,3,0,2,0,24,48,0,0,0,3,0,8,0,0,37
kommun,2019,385,9,0,8,0,1,0,0,0,0,0,0,7,0,0,0,1,0,1,0,0,5,10,0,0,0,3,0,0,0,0,7,19,0,0,0,0,0,0,0,0,19
kommun,2023,386,99,22,8,5,10,2,5,25,13,9,0,0,0,0,0,0,0,0,0,0,0,10,0,0,0,2,2,1,0,0,5,18,0,0,0,0,0,5,0,0,13
kommun,2019,387,11,9,1,0,0,0,0,1,0,0,0,0,0,0,0,0,0,0,0,0,0,8,0,0,0,4,0,0,0,0,4,10,0,0,0,1,0,0,0,0,9
kommun,2015,388,199,55,50,22,6,0,2,39,4,21,0,50,2,2,4,20,1,1,1,0,19,52,1,5,1,8,2,0,0,0,35,38,0,2,0,2,0,4,0,0,30
kommun,2015,389,15,0,5,0,0,0,1,8,1,0,0,10,1,0,2,1,1,0,0,0,5,4,0,0,0,0,0,0,0,0,4,10,1,0,0,1,2,0,0,0,6
kommun,2019,390,70,16,7,10,2,0,3,15,6,11,0,6,1,1,1,1,0,0,0,0,2,7,0,0,0,3,0,0,0,0,4,18,0,0,0,1,0,4,0,0,13
kommun,2023,391,339,136,35,30,38,5,10,54,26,5,0,24,1,3,2,2,1,4,0,0,11,42,0,0,0,15,3,0,1,0,23,73,0,2,2,5,0,11,1,1,51
kommun,2023,392,162,45,25,12,18,2,6,33,15,5,1,39,2,6,8,5,2,2,2,0,12,46,0,4,0,15,14,2,0,0,11,90,1,2,0,4,2,7,4,0,70
kommun,2023,393,110,32,21,9,7,3,8,11,8,8,3,5,0,0,0,0,1,1,0,0,3,21,0,0,0,4,0,1,2,0,14,26,0,0,0,3,0,3,1,0,19
kommun,2015,394,41,1,9,0,15,0,0,6,6,4,0,14,0,1,2,2,2,0,1,0,6,15,0,0,1,1,0,0,0,0,13,32,0,0,1,6,0,2,1,0,22
kommun,2023,395,33,7,5,5,1,0,1,8,5,1,0,4,0,0,0,0,0,0,0,0,4,8,0,0,2,1,0,0,0,0,5,22,0,0,1,0,0,1,0,0,20
kommun,2016,396,67,4,4,15,5,0,1,25,11,2,0,11,0,0,0,1,1,0,0,0,9,20,1,1,0,1,2,0,0,0,15,21,0,0,1,0,0,1,0,0,19
kommun,2019,397,143,58,27,8,12,1,3,21,9,3,1,16,1,4,2,1,3,0,0,0,5,23,0,0,0,12,2,0,0,0,9,26,0,0,1,3,1,10,0,0,11
kommun,2015,398,45,14,16,0,0,0,5,2,0,8,0,12,1,2,0,3,0,0,0,0,6,14,0,0,0,10,0,0,0,0,4,32,0,0,0,1,0,3,1,0,27
kommun,2023,399,144,29,25,20,7,0,3,31,24,5,0,63,22,0,1,1,18,3,0,0,18,35,1,0,0,21,6,0,0,0,7,31,0,0,0,2,0,4,1,0,24
kommun,2015,400,45,15,6,2,0,0,1,16,3,2,0,4,0,1,0,0,0,0,0,0,3,7,0,0,0,2,0,0,0,0,5,22,0,0,0,2,0,2,1,0,17
kommun,2015,401,24,8,3,4,4,0,0,0,4,1,0,0,0,0,0,0,0,0,0,0,0,9,0,0,0,4,0,0,0,0,5,19,0,0,0,1,0,1,1,0,16
kommun,2021,402,233,51,53,14,24,2,16,32,27,10,4,6,0,0,0,0,2,3,0,0,1,38,0,0,1,14,0,1,0,0,22,36,0,0,0,1,0,7,0,0,28
kommun,2019,403,55,17,14,4,3,1,2,10,3,1,0,20,2,9,1,2,0,1,1,0,4,10,0,1,0,0,0,0,1,0,8,34,1,0,0,0,0,2,5,1,25
kommun,2023,404,95,35,12,2,14,0,11,12,7,2,0,15,1,1,0,1,0,2,0,0,10,58,0,1,0,11,3,0,0,0,43,34,1,0,0,3,0,1,1,0,28
kommun,2016,405,65,17,11,5,3,0,1,16,7,4,1,12,1,1,1,2,1,0,0,0,6,7,1,0,1,1,0,0,0,0,4,23,0,1,0,2,1,0,0,0,19
kommun,2019,406,65,18,15,2,0,0,0,19,5,6,0,7,0,0,1,1,0,0,1,0,4,9,0,0,0,1,0,0,0,0,8,25,0,0,0,4,0,0,1,0,20
kommun,2019,407,89,30,12,3,3,0,1,29,6,5,0,18,1,4,2,2,1,0,0,0,8,25,0,2,1,7,3,0,0,0,12,38,0,0,0,1,0,6,0,0,31
kommun,2015,408,21,5,3,0,0,0,0,13,0,0,0,10,2,1,3,0,1,2,0,0,1,14,0,0,1,2,1,0,0,0,10,20,0,0,0,1,1,0,0,0,18
kommun,2023,409,261,124,59,0,31,1,5,9,29,2,1,44,2,8,1,8,0,1,1,0,23,38,0,0,1,1,0,1,0,0,35,99,0,11,0,12,0,2,2,0,72
kommun,2019,410,106,36,5,10,16,0,11,12,14,2,0,1,0,1,0,0,0,0,0,0,0,9,0,0,0,5,0,0,0,0,4,48,0,0,1,5,2,0,1,0,39
kommun,2023,411,394,109,86,36,37,18,12,50,35,11,0,42,2,4,7,5,2,1,0,0,21,32,1,0,0,4,13,0,0,0,14,51,0,0,0,5,0,14,0,1,31
kommun,2019,412,36,12,0,4,7,1,1,9,2,0,0,7,0,0,0,0,0,0,0,0,7,7,0,0,0,2,0,0,0,0,5,4,0,0,0,0,0,1,0,0,3
kommun,2016,413,61,5,7,0,6,0,13,28,1,1,0,10,1,1,5,2,0,0,0,0,1,17,1,3,0,7,2,0,0,0,4,38,0,2,4,7,1,0,2,0,22
kommun,2015,414,9,5,3,0,0,0,0,1,0,0,0,0,0,0,0,0,0,0,0,0,0,3,0,0,0,0,0,0,0,0,3,17,0,0,0,0,0,0,0,0,17
kommun,2015,415,459,170,43,62,62,2,22,43,49,5,1,13,1,3,2,0,2,0,1,0,4,49,0,1,0,27,0,1,2,0,18,93,1,1,3,4,0,14,13,0,57
kommun,2023,416,56,11,9,3,16,1,2,7,7,0,0,22,2,2,6,2,4,0,0,0,6,18,1,0,0,8,0,0,0,0,9,16,1,0,0,0,1,2,0,0,12
kommun,2019,417,332,137,44,42,39,1,15,27,23,4,0,17,0,2,4,3,3,1,0,0,4,52,0,1,3,22,5,0,0,0,21,76,0,1,1,8,0,10,3,0,53
kommun,2015,418,37,8,7,14,0,0,1,6,1,0,0,13,0,2,0,1,2,0,2,0,6,10,1,0,0,0,0,0,2,0,7,11,0,0,0,2,0,0,0,0,9
kommun,2023,419,388,107,45,23,91,1,13,26,58,20,4,28,2,3,0,7,4,0,1,0,11,34,0,0,0,8,2,2,3,0,19,75,0,0,0,10,0,23,2,0,40
kommun,2019,420,61,32,8,6,4,0,3,4,2,2,0,1,0,0,0,0,0,0,0,0,1,4,0,0,1,1,0,1,0,0,1,27,0,0,0,1,0,7,0,0,19
kommun,2023,421,184,65,25,15,17,0,5,25,25,7,0,8,1,0,1,1,1,0,2,0,2,20,0,0,0,15,1,0,1,0,3,27,0,0,0,4,0,6,0,0,17
kommun,2023,422,94,32,14,13,9,0,3,4,19,0,0,18,1,3,0,1,0,0,4,0,9,25,0,0,1,11,0,1,1,0,11,36,0,2,0,1,0,2,1,0,30
kommun,2019,423,127,30,10,20,15,1,1,23,26,1,0,4,0,1,0,0,0,0,0,0,3,13,0,1,0,6,1,0,0,0,5,34,0,1,0,3,0,1,1,0,28
kommun,2023,424,67,14,7,4,13,1,3,21,3,1,0,6,0,0,1,0,1,0,0,0,4,27,2,1,3,8,2,1,0,0,10,30,2,1,2,1,2,2,0,0,20
kommun,2019,425,11,0,6,0,0,0,3,2,0,0,0,8,1,0,0,0,0,0,0,0,7,13,1,1,0,2,2,0,0,0,7,9,0,0,0,0,0,0,0,0,9
kommun,2019,426,80,35,9,0,6,1,0,22,1,6,0,1,0,0,0,0,0,0,0,0,1,10,0,0,0,1,0,0,0,1,8,14,0,0,0,0,0,3,1,0,10
kommun,2019,427,6,1,1,0,1,0,0,0,2,1,0,0,0,0,0,0,0,0,0,0,0,1,0,0,0,0,0,0,0,0,1,11,0,0,0,0,0,0,0,0,11
kommun,2019,428,23,10,3,0,2,0,0,7,1,0,0,1,0,0,0,0,0,0,0,0,1,9,0,0,0,1,0,0,0,1,7,10,0,0,0,0,0,0,0,0,10
kommun,2023,429,84,33,18,6,4,3,2,10,5,3,0,2,0,0,0,0,0,1,0,0,1,8,0,1,0,4,0,0,0,0,3,31,0,3,0,0,0,5,1,0,22
kommun,2023,430,12,4,3,0,4,0,0,0,0,1,0,0,0,0,0,0,0,0,0,0,0,1,0,0,0,0,0,0,0,0,1,3,0,0,0,0,0,1,0,0,2
kommun,2015,431,8,0,0,0,1,0,0,2,0,4,1,3,0,0,0,1,0,0,0,0,2,2,0,0,0,0,0,0,0,0,2,8,0,0,0,0,0,0,2,0,6
kommun,2023,432,360,90,52,31,64,10,24,52,27,10,0,21,3,4,3,1,0,1,2,0,7,49,0,1,1,24,1,2,3,0,17,75,1,0,2,7,1,9,4,0,51
kommun,2023,433,449,189,65,10,55,3,14,66,42,5,0,31,1,5,1,5,0,3,0,0,16,67,0,1,2,31,4,2,2,0,25,56,0,3,0,5,0,12,0,0,36
kommun,2024,434,157,34,29,8,18,3,0,47,15,3,0,41,3,0,2,3,3,2,1,0,27,45,1,0,0,14,1,2,0,0,27,52,1,0,1,1,2,3,1,0,43
kommun,2023,435,194,66,44,17,11,1,11,21,13,10,0,51,12,4,13,3,0,2,2,0,15,66,3,8,1,31,5,0,1,0,17,35,0,0,0,3,1,7,1,0,23
kommun,2023,436,208,63,34,20,13,7,2,28,28,13,0,9,0,3,0,1,0,2,0,0,3,15,0,0,0,7,0,0,0,0,8,66,0,0,0,6,0,9,2,0,49
kommun,2023,437,29,2,8,1,6,0,0,7,4,1,0,2,0,0,0,0,0,0,1,0,1,8,0,0,0,3,0,0,1,0,4,14,0,0,0,1,0,2,1,0,10
kommun,2012,438,243,30,47,17,23,3,4,45,58,16,0,15,0,2,0,1,0,0,0,0,12,28,0,0,0,8,1,1,0,0,18,51,0,2,0,5,0,3,1,0,40
kommun,2019,439,424,150,50,53,41,6,6,42,50,24,2,61,2,10,5,11,4,5,1,0,23,83,0,3,0,31,3,1,4,0,41,57,0,1,1,4,0,14,1,0,36
kommun,2019,440,103,31,7,9,11,0,4,20,16,5,0,8,0,2,0,2,1,0,0,0,3,15,0,1,2,8,1,0,0,0,3,24,0,0,0,3,0,3,0,0,18
kommun,2019,441,63,12,10,4,7,0,3,16,8,3,0,3,0,0,0,0,0,0,1,0,2,4,0,0,0,0,0,0,0,0,4,14,0,0,0,1,0,0,0,0,13
kommun,2023,442,53,16,14,3,4,1,2,5,5,3,0,6,2,0,1,0,0,0,0,0,3,9,1,1,0,2,2,0,1,0,2,11,0,0,0,1,0,0,0,0,10
kommun,2019,443,177,67,32,19,22,0,5,15,15,2,0,11,1,0,3,2,1,1,0,0,3,22,0,0,1,9,1,1,0,0,10,48,0,1,2,1,0,5,0,0,39
kommun,2023,444,3,0,1,1,0,1,0,0,0,0,0,5,0,0,0,1,0,1,0,0,3,5,0,0,0,0,0,1,0,0,4,7,0,0,0,0,0,0,0,0,7
kommun,2023,445,59,29,10,6,1,0,0,7,2,4,0,4,0,0,0,0,0,0,0,0,4,7,0,0,0,1,0,0,0,0,6,17,0,0,0,2,0,1,0,0,14
kommun,2023,446,249,80,49,11,34,3,0,55,14,3,0,3,0,0,0,1,0,0,1,0,1,31,0,0,0,20,0,0,1,0,10,18,0,0,0,1,0,3,0,0,14
kommun,2015,447,17,3,1,0,10,1,1,0,0,1,0,2,0,0,0,0,0,0,0,0,2,3,0,0,0,0,0,0,0,0,3,7,0,0,0,1,0,0,0,0,6
kommun,2019,448,92,33,14,11,9,0,3,3,19,0,0,18,1,3,0,1,0,0,4,0,9,23,0,1,0,10,0,1,0,0,11,36,0,2,0,1,0,2,1,0,30
kommun,2019,449,80,26,17,3,3,0,1,24,3,3,0,19,1,1,0,0,2,4,0,0,11,38,1,3,1,14,0,1,0,0,18,39,1,0,0,0,0,0,0,0,38
kommun,2019,450,186,31,10,19,57,0,0,21,45,3,0,25,6,4,0,3,3,1,1,0,7,28,1,0,0,11,3,5,0,0,8,40,1,1,0,13,2,6,1,0,16
kommun,2023,451,492,166,111,46,49,11,1,47,36,24,1,57,1,0,1,2,0,1,2,0,50,105,1,1,2,42,1,0,3,0,55,64,0,1,0,7,0,12,2,0,42
kommun,2023,452,24,7,4,0,0,2,1,8,0,0,2,13,0,1,1,1,0,0,0,0,10,32,0,0,0,13,0,0,1,1,17,15,0,0,1,3,2,0,0,0,9
kommun,2015,453,50,16,4,7,7,1,0,8,6,1,0,5,1,0,0,0,0,1,0,0,3,13,0,0,0,1,0,0,1,0,11,22,0,0,0,1,0,1,0,0,20
kommun,2015,454,20,5,2,4,2,0,1,4,1,1,0,6,1,1,1,1,1,0,0,0,1,1,0,0,0,0,1,0,0,0,0,1,0,0,0,0,0,0,0,0,1
kommun,2023,455,11,1,5,1,2,0,1,1,0,0,0,2,0,0,0,0,0,0,0,0,2,7,0,0,0,2,0,0,0,0,5,18,0,0,0,1,0,1,1,0,15
kommun,2019,456,85,19,10,5,10,2,2,20,12,5,0,0,0,0,0,0,0,0,0,0,0,9,0,0,0,1,2,1,0,0,5,14,0,0,0,1,0,1,0,0,12
kommun,2023,457,841,357,120,21,84,22,6,126,75,30,0,15,0,2,1,3,0,3,1,0,5,153,0,3,2,38,3,5,6,0,96,169,1,4,1,9,1,43,2,0,108
kommun,2019,458,29,2,9,1,8,0,0,4,4,1,0,1,0,0,0,0,0,0,1,0,0,8,0,0,0,3,0,0,1,0,4,25,0,0,0,2,0,3,1,0,19
kommun,2023,459,105,32,9,6,18,1,4,23,5,7,0,3,0,0,0,0,0,0,0,0,3,7,0,0,0,1,0,2,1,0,3,23,0,0,0,1,0,3,1,0,18
kommun,2015,460,106,39,20,2,5,0,2,19,16,3,0,19,1,0,0,4,1,0,1,0,12,21,0,0,0,12,1,0,0,0,8,43,0,1,0,2,0,4,1,0,35
kommun,2023,461,260,104,25,9,38,7,6,29,27,15,0,7,0,1,0,1,0,1,1,0,3,34,0,1,0,16,2,1,0,0,14,46,0,1,0,2,0,9,0,1,33
kommun,2019,462,333,137,36,27,38,3,13,49,25,5,0,25,1,3,3,2,1,4,0,0,11,37,0,0,0,12,3,1,1,0,20,76,0,2,2,5,0,8,4,1,54
kommun,2015,463,19,3,2,1,5,0,0,6,1,1,0,4,0,1,0,0,0,0,0,0,3,24,0,0,1,1,0,0,0,0,22,9,0,0,0,0,0,0,0,0,9
kommun,2019,464,450,119,75,42,35,3,29,108,33,6,0,14,0,0,1,1,0,5,1,0,6,62,0,1,21,18,1,0,3,0,18,90,0,0,0,7,0,4,2,0,77
kommun,2019,465,717,245,81,24,114,17,41,99,59,37,0,14,1,2,0,3,0,0,0,1,7,138,1,5,0,35,4,4,1,3,85,221,2,4,3,18,1,29,4,0,160
kommun,2019,466,673,240,80,19,114,13,40,96,45,26,0,13,1,2,0,2,0,0,0,1,7,136,1,5,0,33,4,2,1,3,87,195,1,4,3,18,1,29,3,0,136
kommun,2023,467,36,15,7,0,7,0,1,4,2,0,0,0,0,0,0,0,0,0,0,0,0,11,0,0,0,4,0,0,0,0,7,12,0,0,0,0,0,0,0,0,12
kommun,2023,468,534,233,76,40,35,17,4,77,43,6,3,53,3,5,2,9,5,4,3,0,22,50,2,2,4,25,2,1,1,0,13,101,2,4,12,9,5,12,3,0,54
kommun,2019,469,144,29,25,20,7,0,3,31,24,5,0,66,24,0,1,1,19,3,0,0,18,36,1,0,0,21,7,0,0,0,7,31,0,0,0,2,0,4,1,0,24
kommun,2015,470,200,44,45,9,36,1,0,28,20,17,0,27,2,0,6,3,0,0,0,0,16,35,0,0,0,9,0,1,0,0,25,104,0,0,0,4,1,1,4,1,93
kommun,2019,471,97,34,26,7,4,3,2,11,7,3,0,3,0,0,0,0,0,1,0,0,2,9,0,1,0,3,0,0,0,0,5,31,0,3,0,0,0,6,2,0,20
kommun,2023,472,250,68,51,11,35,4,0,63,13,5,0,3,0,0,0,1,0,0,1,0,1,31,0,0,0,20,0,0,1,0,10,20,0,1,0,1,0,4,1,0,13
kommun,2019,473,98,39,13,2,13,1,5,11,12,2,0,13,1,1,0,1,0,2,0,0,8,56,0,1,0,10,3,0,0,0,42,31,1,0,0,3,0,0,0,0,27
kommun,2015,474,345,75,83,26,41,14,16,33,39,16,2,59,0,2,1,11,3,2,3,0,37,57,0,1,2,17,3,3,3,0,28,64,0,1,1,7,0,10,0,1,44
kommun,2015,475,266,38,34,10,56,3,14,58,35,17,1,6,0,0,0,0,0,0,0,0,6,36,0,0,0,18,0,1,0,1,16,68,1,1,0,9,0,2,3,0,52
kommun,2019,476,46,22,2,0,2,1,1,8,9,1,0,0,0,0,0,0,0,0,0,0,0,2,0,0,0,2,0,0,0,0,0,11,0,0,0,1,0,0,0,0,10
kommun,2023,477,423,160,36,22,114,2,4,40,32,13,0,10,0,2,1,0,0,2,0,0,5,58,0,1,2,30,4,0,0,0,21,133,1,1,2,9,0,18,3,0,99
kommun,2012,478,64,13,6,19,0,0,0,10,1,15,0,30,2,0,2,0,2,1,0,0,23,30,1,0,1,0,0,0,0,0,28,33,1,1,0,0,0,1,0,0,30
kommun,2013,479,68,14,6,21,0,0,0,11,1,15,0,28,1,0,2,0,1,1,0,0,23,30,1,0,1,0,0,0,0,0,28,31,0,0,0,0,0,1,0,0,30
kommun,2023,480,38,18,4,0,2,1,0,9,3,1,0,2,0,0,0,0,0,1,0,0,1,2,0,0,0,0,0,0,0,0,2,21,0,0,0,2,1,2,0,0,16
kommun,2011,481,64,13,6,19,0,0,0,10,1,15,0,30,2,0,2,0,2,1,0,0,23,30,1,0,1,0,0,0,0,0,28,33,1,1,0,0,0,1,0,0,30
kommun,2010,482,75,16,7,22,0,0,0,13,2,15,0,32,2,0,2,1,2,1,0,0,24,31,1,0,1,0,0,0,0,0,29,30,1,0,1,0,0,1,0,0,27
kommun,2023,483,25,13,4,0,1,0,0,5,2,0,0,0,0,0,0,0,0,0,0,0,0,7,0,0,0,2,0,0,0,0,5,25,0,0,0,1,1,5,2,0,16
kommun,2015,484,123,18,8,9,29,4,0,29,23,3,0,3,0,0,0,1,0,0,0,0,2,24,0,0,0,13,1,0,0,0,10,25,0,0,0,2,0,2,0,0,21
kommun,2020,485,40,21,5,2,0,0,1,3,5,2,1,1,0,0,0,1,0,0,0,0,0,12,0,0,1,3,0,0,0,0,8,29,0,0,1,1,0,3,0,0,24
kommun,2009,486,24,9,1,4,0,0,0,10,0,0,0,8,2,0,0,0,2,0,0,0,4,11,1,0,0,0,0,0,0,0,10,21,0,1,0,1,1,0,0,0,18
kommun,2019,487,184,63,21,23,10,5,4,42,9,4,3,44,2,2,2,3,3,0,2,0,30,13,1,0,1,5,1,1,0,0,4,52,1,3,5,9,3,3,1,0,27
l√§nsstyrelse,2022,488,34,7,18,0,5,0,0,1,1,2,0,4,0,0,0,0,0,0,1,0,3,22,0,0,0,5,1,2,0,0,14,38,0,0,0,1,0,1,0,0,36
l√§nsstyrelse,2015,489,328,138,54,53,15,2,7,28,13,17,1,15,1,1,0,2,0,0,1,0,10,37,2,0,0,10,1,1,0,0,23,79,0,1,2,13,0,6,4,0,53
l√§nsstyrelse,2011,490,105,21,37,5,5,3,0,19,4,11,0,2,0,0,0,0,0,1,0,0,1,2,0,0,0,2,0,0,0,0,0,86,0,0,0,3,0,3,1,0,79
l√§nsstyrelse,2018,491,145,23,27,13,30,4,7,23,9,9,0,1,0,0,0,0,0,1,0,0,0,24,0,0,1,17,0,0,0,0,6,111,0,0,1,3,0,3,1,0,103
l√§nsstyrelse,2016,492,324,137,55,51,14,2,7,27,13,17,1,14,1,1,0,2,0,0,1,0,9,36,2,0,0,12,1,1,0,0,20,79,0,1,2,11,0,6,4,0,55
l√§nsstyrelse,2016,493,82,22,25,7,8,6,1,7,1,5,0,1,0,0,0,1,0,0,0,0,0,9,0,0,0,6,2,0,0,0,1,16,0,0,0,3,0,4,0,0,9
l√§nsstyrelse,2024,494,65,27,5,9,5,0,0,8,10,1,0,0,0,0,0,0,0,0,0,0,0,5,0,1,0,2,0,0,0,0,2,29,1,0,0,0,0,2,2,0,24
l√§nsstyrelse,2015,495,184,47,17,16,41,1,10,18,14,19,1,9,0,1,0,0,0,2,3,0,3,36,0,0,2,12,0,0,1,0,21,89,0,2,1,8,0,8,4,0,66
l√§nsstyrelse,2013,496,137,24,30,15,8,2,2,22,15,19,0,6,0,0,0,1,0,1,1,0,3,22,0,0,0,8,1,0,1,0,12,129,0,0,0,7,0,2,1,0,119
l√§nsstyrelse,2022,497,177,81,31,5,13,0,9,15,15,7,1,15,0,0,0,1,0,5,0,0,9,26,0,0,1,14,0,2,0,0,9,68,0,1,0,6,0,6,1,0,54
l√§nsstyrelse,2011,498,206,69,21,34,16,1,9,25,25,6,0,23,1,4,1,5,8,0,1,0,3,32,0,4,0,11,3,0,0,0,14,97,0,0,0,8,0,7,0,0,82
l√§nsstyrelse,2020,499,187,75,46,3,6,3,2,13,23,16,0,16,0,3,0,3,0,4,1,0,5,38,0,0,0,8,1,2,0,0,27,76,0,1,0,7,0,13,1,0,54
l√§nsstyrelse,2024,500,56,5,16,0,11,0,2,4,2,15,1,4,0,0,0,0,0,0,1,0,3,18,0,0,0,0,0,1,0,0,17,59,0,0,0,3,0,3,1,0,52
l√§nsstyrelse,2018,501,240,104,35,3,8,2,1,24,39,24,0,14,0,1,1,1,0,3,0,0,8,41,0,0,0,6,0,3,0,0,32,105,0,2,0,8,0,13,3,1,78
l√§nsstyrelse,2008,502,132,43,43,16,2,1,0,14,4,9,0,31,2,7,5,4,0,1,1,0,11,27,0,0,0,9,1,0,0,0,17,43,0,0,1,5,0,1,1,0,35
l√§nsstyrelse,2012,503,374,148,71,59,15,2,1,42,11,23,2,30,6,3,0,2,1,1,1,0,16,45,2,1,0,14,1,2,0,0,25,102,0,1,1,13,0,8,7,0,72
l√§nsstyrelse,2014,504,663,237,174,55,10,6,5,92,55,29,0,70,0,1,1,10,0,15,4,0,39,133,0,1,2,33,3,9,4,0,81,145,0,0,0,14,0,21,4,0,106
l√§nsstyrelse,2013,505,517,197,80,78,22,12,6,73,29,20,0,63,3,12,21,8,2,2,0,0,15,75,3,2,0,31,10,0,1,0,28,261,1,12,13,25,6,21,0,0,183
l√§nsstyrelse,2007,506,276,137,37,45,7,0,0,37,10,3,0,77,2,4,4,9,4,1,0,0,53,75,2,2,0,10,8,0,0,0,53,82,1,2,4,14,1,4,0,0,56
l√§nsstyrelse,2015,507,128,101,9,1,2,0,6,4,2,3,0,3,0,0,2,0,0,0,0,0,1,11,0,0,0,3,0,0,1,0,7,86,0,4,1,4,0,2,5,0,70
l√§nsstyrelse,2008,508,113,18,40,4,6,0,1,19,6,19,0,15,2,3,2,0,2,2,0,0,4,34,2,1,0,7,3,0,0,0,21,30,0,1,2,3,1,1,0,0,22
l√§nsstyrelse,2015,509,393,149,66,33,21,0,19,61,20,24,0,18,0,2,0,3,3,1,1,0,8,50,0,2,2,9,1,2,1,0,33,156,0,0,0,12,0,11,4,0,129
l√§nsstyrelse,2014,510,378,151,66,31,18,0,16,58,21,17,0,15,0,1,1,1,1,2,2,0,7,49,0,1,3,8,1,2,1,0,33,140,0,0,2,9,0,16,2,0,111
l√§nsstyrelse,2009,511,100,19,27,5,15,0,2,13,10,9,0,12,1,1,0,0,2,0,0,0,8,36,0,0,0,5,0,0,1,0,30,86,1,0,0,5,1,3,0,0,76
l√§nsstyrelse,2014,512,263,119,38,25,9,3,10,18,25,16,0,12,1,0,2,0,1,0,1,0,7,37,0,2,1,11,2,0,1,0,20,91,1,0,2,6,0,3,1,0,78
l√§nsstyrelse,2006,513,176,92,27,6,30,0,0,16,1,4,0,13,0,0,0,1,0,0,0,0,12,20,0,0,0,4,0,0,0,0,16,66,0,0,0,4,0,6,1,0,55
l√§nsstyrelse,2012,514,522,182,74,85,28,11,17,76,28,21,0,61,1,5,21,6,2,2,0,0,24,70,1,2,0,30,8,0,0,0,29,210,1,6,15,28,3,17,0,0,140
l√§nsstyrelse,2010,515,490,180,98,78,13,11,1,67,23,19,0,50,4,1,16,6,3,0,0,0,20,53,1,7,0,18,8,0,0,0,19,136,3,2,31,18,2,16,3,0,61
l√§nsstyrelse,2016,516,130,96,10,3,3,0,6,6,2,4,0,3,0,0,2,0,0,0,0,0,1,10,0,0,0,3,0,0,1,0,6,85,0,4,1,4,0,2,5,0,69
l√§nsstyrelse,2016,517,793,270,182,45,51,4,34,102,51,54,0,72,0,1,0,2,2,0,3,0,64,99,0,1,0,14,2,2,3,0,77,138,0,3,1,15,0,9,1,0,109
l√§nsstyrelse,2020,518,294,80,55,20,42,12,13,42,19,11,0,3,0,0,0,0,0,1,1,0,1,54,0,0,2,29,0,0,0,0,23,141,0,0,0,14,1,9,1,0,116
l√§nsstyrelse,2011,519,464,170,79,62,22,10,6,69,26,20,0,63,3,4,20,8,5,1,0,0,22,70,1,4,0,28,9,0,0,0,28,160,2,3,21,24,6,15,2,0,87
l√§nsstyrelse,2016,520,121,24,17,16,17,1,12,14,9,10,1,2,0,0,0,0,0,1,0,0,1,16,0,0,1,10,0,0,0,0,5,139,0,0,0,6,0,2,2,0,129
l√§nsstyrelse,2005,521,72,6,19,6,10,2,0,15,6,8,0,5,0,1,0,1,0,0,0,0,3,17,0,0,0,9,0,2,0,0,6,30,0,0,1,0,0,5,1,0,23
l√§nsstyrelse,2020,522,479,237,84,26,36,5,1,35,37,17,1,68,2,8,4,11,11,0,0,0,32,60,0,2,1,16,3,1,2,0,35,168,0,0,0,12,0,23,4,0,129
l√§nsstyrelse,2012,523,116,30,16,16,12,1,3,13,11,13,1,8,0,0,0,0,0,2,0,0,6,16,0,0,0,3,1,0,0,0,12,57,0,0,0,6,0,7,0,0,44
l√§nsstyrelse,2013,524,201,67,45,18,14,1,14,14,15,13,0,10,0,0,2,0,1,1,1,0,5,35,0,0,2,10,2,0,2,0,19,79,0,0,2,4,0,8,1,0,64
l√§nsstyrelse,2014,525,494,254,46,31,28,7,5,45,21,57,0,75,1,7,2,11,2,6,3,0,43,85,2,1,0,26,6,3,1,0,46,147,1,1,1,8,0,9,1,0,126
l√§nsstyrelse,2012,526,113,28,15,7,6,1,1,42,3,10,0,9,1,0,0,0,2,0,0,0,6,35,0,0,3,11,1,1,0,0,19,47,0,0,1,3,2,1,2,1,37
l√§nsstyrelse,2014,527,606,237,99,88,20,10,11,85,35,21,0,62,3,12,21,8,2,2,0,0,14,70,3,2,0,28,10,0,1,0,26,393,1,11,15,29,6,20,1,0,310
l√§nsstyrelse,2016,528,544,187,99,71,24,18,12,73,49,11,0,67,1,12,22,12,2,4,0,1,13,80,3,2,0,32,9,0,2,0,32,343,1,11,16,34,6,16,2,2,255
l√§nsstyrelse,2010,529,135,27,30,4,16,0,0,48,5,5,0,18,1,2,0,2,2,3,0,0,8,45,0,0,3,15,2,1,0,0,24,36,1,0,0,6,0,6,0,0,23
l√§nsstyrelse,2009,530,179,23,94,3,26,3,1,21,0,8,0,44,6,6,1,3,3,2,0,0,23,59,0,1,1,21,4,0,0,0,32,57,0,0,0,4,0,3,1,0,49
l√§nsstyrelse,2008,531,181,23,94,3,28,3,1,21,0,8,0,44,6,6,1,3,3,2,0,0,23,59,0,1,1,21,4,0,0,0,32,58,0,0,0,4,0,3,1,0,50
l√§nsstyrelse,2011,532,148,36,12,5,13,2,3,52,7,18,0,13,1,1,0,1,3,2,0,0,5,45,0,0,1,10,2,1,0,0,31,42,2,1,1,3,0,5,0,0,30
l√§nsstyrelse,2018,533,235,98,73,18,4,0,1,9,13,19,0,5,0,0,0,3,0,2,0,0,0,64,0,0,0,19,4,3,1,0,37,87,0,0,1,9,0,7,0,0,70
l√§nsstyrelse,2015,534,239,90,81,13,1,0,3,8,14,29,0,8,0,0,0,3,0,1,0,0,4,73,0,0,0,22,13,2,1,0,35,124,0,0,1,11,0,2,0,0,110
l√§nsstyrelse,2020,535,190,81,30,3,28,3,2,17,11,15,0,3,0,1,2,0,0,0,0,0,0,26,0,0,2,12,3,0,0,0,9,36,0,1,0,3,0,5,1,0,26
l√§nsstyrelse,2008,536,273,36,60,37,26,1,1,59,41,11,1,25,1,2,0,3,2,7,0,0,10,67,0,0,5,19,2,2,0,0,39,33,1,0,0,1,0,7,2,0,22
l√§nsstyrelse,2012,537,128,49,7,20,11,1,8,7,17,7,1,2,0,0,0,0,0,0,0,0,2,11,0,0,0,3,0,0,0,0,8,175,0,1,0,5,0,4,4,0,161
l√§nsstyrelse,2011,538,64,14,9,5,3,0,1,15,6,11,0,4,0,0,0,1,0,0,0,0,3,12,0,0,0,5,0,0,0,0,7,28,0,0,1,1,0,2,0,0,24
l√§nsstyrelse,2013,539,183,75,13,32,5,0,28,13,8,8,1,2,0,0,0,0,0,0,0,0,2,7,0,0,0,3,0,0,0,0,4,168,0,1,0,6,0,4,1,0,156
l√§nsstyrelse,2009,540,326,40,79,56,31,0,0,65,43,11,1,25,1,2,0,5,2,6,0,0,9,84,0,0,5,24,2,2,0,0,51,32,1,0,0,1,0,8,1,0,21
l√§nsstyrelse,2014,541,244,107,75,19,1,0,0,6,3,33,0,1,0,0,0,1,0,0,0,0,0,61,0,0,0,17,6,2,0,0,36,117,0,0,2,12,0,0,0,0,103
l√§nsstyrelse,2016,542,254,91,87,14,5,0,4,8,16,29,0,3,0,0,0,3,0,0,0,0,0,78,0,0,0,20,7,3,0,0,48,136,0,0,1,11,0,4,2,0,118
l√§nsstyrelse,2022,543,523,180,79,84,42,7,2,48,32,42,7,31,1,2,0,6,0,3,7,0,12,96,0,0,2,31,4,3,1,0,55,168,1,4,1,18,0,17,2,0,125
l√§nsstyrelse,2008,544,457,186,75,67,9,8,0,58,27,27,0,59,5,2,14,9,2,1,0,0,26,64,1,4,0,10,11,0,0,0,38,109,3,6,9,13,1,11,4,0,62
l√§nsstyrelse,2007,545,97,26,26,10,3,0,0,11,10,11,0,1,0,0,0,0,0,0,0,0,1,21,0,2,0,6,0,0,0,0,13,40,0,1,0,4,1,1,0,0,33
l√§nsstyrelse,2013,546,164,89,26,1,5,1,14,11,3,12,2,10,0,0,0,4,0,2,0,0,4,46,0,0,0,15,3,0,2,0,26,115,0,0,3,2,0,3,0,0,107
l√§nsstyrelse,2014,547,234,119,15,30,2,0,28,17,15,7,1,3,0,0,0,0,0,0,1,0,2,18,0,0,0,5,1,0,1,0,11,204,0,1,1,6,0,5,8,0,183
l√§nsstyrelse,2015,548,200,92,15,28,8,0,16,13,19,9,0,4,0,0,0,0,0,0,1,0,3,10,0,0,0,3,1,0,1,0,5,167,0,0,1,6,0,6,5,0,149
l√§nsstyrelse,2012,549,192,92,25,12,6,0,0,30,13,14,0,2,0,0,0,0,0,1,0,0,1,21,0,0,0,9,0,1,0,0,11,92,0,0,0,2,0,11,2,0,77
l√§nsstyrelse,2009,550,509,202,105,79,14,5,0,69,21,14,0,57,5,2,14,8,2,1,0,0,25,95,1,4,0,16,12,1,0,0,61,140,3,6,10,17,1,16,1,0,86
l√§nsstyrelse,2010,551,112,28,25,7,4,0,1,27,14,6,0,6,0,1,1,1,1,0,0,0,2,30,0,1,1,7,1,0,0,0,20,72,0,0,0,4,1,0,0,0,67
l√§nsstyrelse,2014,552,179,64,26,15,9,4,10,22,11,15,3,6,0,0,0,0,0,2,1,0,3,40,0,0,0,13,0,0,1,0,26,80,0,0,1,7,0,12,1,0,59
l√§nsstyrelse,2016,553,200,85,29,22,6,2,12,19,14,10,1,12,3,1,7,0,0,0,0,0,1,36,0,5,0,7,5,0,2,0,17,132,2,1,5,2,2,4,6,0,110
l√§nsstyrelse,2024,554,655,204,86,84,79,8,8,96,47,40,3,19,2,2,0,4,0,3,1,0,7,95,0,0,1,37,3,3,0,0,51,158,1,5,1,10,0,22,6,0,113
l√§nsstyrelse,2011,555,162,53,36,8,4,0,0,24,21,15,1,1,0,0,0,0,0,1,0,0,0,16,0,0,0,7,0,0,1,0,8,60,0,0,0,2,0,3,0,0,55
l√§nsstyrelse,2018,556,30,8,3,1,1,0,0,8,7,2,0,0,0,0,0,0,0,0,0,0,0,1,0,0,0,1,0,0,0,0,0,25,0,1,0,1,0,1,0,0,22
l√§nsstyrelse,2013,557,391,195,40,45,14,2,3,56,19,17,0,37,1,5,11,8,3,0,3,0,6,43,0,0,0,13,3,0,3,0,24,101,0,0,2,4,0,26,3,0,66
l√§nsstyrelse,2013,558,42,16,10,1,3,3,2,1,0,4,2,1,0,0,0,0,0,1,0,0,0,13,0,0,0,2,0,0,1,0,10,17,0,0,0,1,0,5,0,0,11
l√§nsstyrelse,2024,559,170,60,29,8,16,11,6,20,10,10,0,12,0,3,0,0,0,2,0,0,7,38,0,0,3,17,4,0,1,0,13,106,0,0,1,7,0,2,3,0,93
l√§nsstyrelse,2012,560,391,200,47,37,12,2,14,55,14,10,0,36,1,5,12,7,2,0,1,0,8,39,0,0,0,10,3,1,1,0,24,136,0,0,2,7,0,24,0,0,103
l√§nsstyrelse,2016,561,186,67,29,2,5,1,1,27,31,23,0,8,0,0,1,0,0,0,0,0,7,39,0,0,0,7,0,1,0,0,31,66,0,1,0,7,1,5,3,0,49
l√§nsstyrelse,2014,562,98,45,18,1,0,0,0,14,11,9,0,0,0,0,0,0,0,0,0,0,0,2,0,0,0,1,0,0,0,0,1,18,0,0,0,1,1,1,0,0,15
l√§nsstyrelse,2010,563,212,98,51,20,0,2,0,17,13,11,0,46,4,8,9,4,2,0,1,0,18,41,0,1,0,11,2,0,0,0,27,56,1,0,0,5,0,3,1,0,46
l√§nsstyrelse,2011,564,333,155,47,36,6,4,7,60,11,7,0,8,0,1,0,1,0,0,0,0,6,17,0,0,0,5,1,0,0,0,11,48,0,0,0,6,0,4,0,0,38
l√§nsstyrelse,2015,565,187,72,29,2,3,4,1,25,25,26,0,9,0,0,1,0,0,0,1,0,7,31,0,0,0,7,0,1,0,0,23,74,0,0,0,6,1,4,4,0,59
l√§nsstyrelse,2015,566,354,155,37,46,28,1,12,45,22,8,0,19,1,1,3,0,3,0,3,0,8,50,0,1,0,18,3,0,7,0,21,136,0,0,0,3,0,26,4,0,103
l√§nsstyrelse,2014,567,381,194,35,40,12,1,6,53,25,15,0,34,1,5,9,8,2,0,3,0,6,42,0,1,0,11,3,0,3,0,24,156,0,0,3,6,0,24,4,0,119
l√§nsstyrelse,2016,568,362,155,32,46,24,1,16,47,31,10,0,20,1,2,3,0,2,0,4,0,8,52,0,1,0,19,2,2,6,0,22,114,0,0,0,5,0,33,3,0,73
l√§nsstyrelse,2013,569,371,146,70,56,15,2,1,42,11,26,2,33,7,3,0,2,2,1,1,0,17,43,2,1,0,13,2,2,0,0,23,99,0,1,1,14,0,7,7,0,69
l√§nsstyrelse,2013,570,100,47,23,0,0,0,0,13,7,10,0,0,0,0,0,0,0,0,0,0,0,3,0,0,0,1,0,0,0,0,2,15,0,0,0,0,0,1,0,0,14
MCF,2021,571,49,30,4,1,3,3,0,4,4,0,0,2,0,0,0,0,0,0,0,0,2,10,0,0,0,4,0,1,2,0,3,32,0,1,0,1,0,7,6,0,17
MCF,2023,572,450,154,51,15,67,19,37,47,32,25,3,70,0,1,6,3,1,9,6,0,44,144,2,7,4,34,15,4,0,0,78,107,0,0,1,3,0,11,2,0,90
MCF,2025,573,826,262,117,15,156,28,39,92,53,59,5,112,0,5,5,7,0,17,10,0,68,283,1,11,6,92,41,3,2,0,127,206,0,1,1,13,0,31,3,0,157
MCF,2019,574,13,4,0,0,3,1,1,3,1,0,0,0,0,0,0,0,0,0,0,0,0,1,0,0,0,0,0,0,0,0,1,11,0,0,1,0,0,0,0,0,10
MCF,2018,575,14,0,0,0,8,4,0,2,0,0,0,0,0,0,0,0,0,0,0,0,0,1,0,0,0,0,0,0,0,0,1,14,0,0,0,0,0,0,2,0,12
MCF,2014,576,213,63,30,4,4,26,3,45,17,21,0,1,0,0,0,1,0,0,0,0,0,42,0,0,1,17,1,1,3,0,19,141,0,2,0,7,0,3,6,0,123
MCF,2016,577,25,0,0,0,2,7,0,15,0,1,0,0,0,0,0,0,0,0,0,0,0,5,0,0,0,0,0,0,1,0,4,19,0,0,1,0,0,1,1,0,16
MCF,2017,578,4,0,0,0,3,1,0,0,0,0,0,0,0,0,0,0,0,0,0,0,0,0,0,0,0,0,0,0,0,0,0,3,0,0,0,0,0,0,0,0,3
MCF,2013,579,440,113,108,17,61,5,66,25,26,19,0,49,1,1,6,7,0,2,0,0,32,108,1,5,4,19,12,0,5,0,62,254,0,2,1,8,0,6,6,1,230
MCF,2012,580,378,100,58,39,21,2,15,90,34,19,0,105,5,5,4,10,0,1,15,0,65,188,0,4,15,36,15,1,21,0,96,216,0,1,0,21,0,7,3,1,183
MCF,2011,581,10,2,4,0,0,1,1,1,1,0,0,1,0,1,0,0,0,0,0,0,0,3,0,0,0,2,1,0,0,0,0,18,0,0,0,2,0,0,0,0,16
